"place","ward.A","ward.B","ward.A.dist","wdr.A","wdr.B"
"alabama","minazini","malinyi",0.320238095238095,"minazini-malinyi.dc-morogoro","malinyi-malinyi.dc-morogoro"
"bangamoyo","bangamoyo","babayu",0.296296296296296,"bangamoyo-bahi.dc-dodoma","babayu-bahi.dc-dodoma"
"bankolo","lmaaiti","lamaiti",0.0476190476190477,"lmaaiti-bahi.dc-dodoma","lamaiti-bahi.dc-dodoma"
"biro","biro","lupiro",0.25,"biro-ulanga.dc-morogoro","lupiro-ulanga.dc-morogoro"
"biti","biti","sapiwi",0.388888888888889,"biti-bariadi.dc-simiyu","sapiwi-bariadi.dc-simiyu"
"bugunguli","buhunda","buhingo",0.285714285714286,"buhunda-misungwi.dc-mwanza","buhingo-misungwi.dc-mwanza"
"bunamala","bunamala","bunamhala",0.0370370370370371,"bunamala-bariadi.tc-simiyu","bunamhala-bariadi.tc-simiyu"
"bunamhala","bunamhala","nyamalapa",0.222222222222222,"bunamhala-itilima.dc-simiyu","nyamalapa-itilima.dc-simiyu"
"bungulwa","nhundi","ng.hundi",0.0833333333333334,"nhundi-kwimba.dc-mwanza","ng.hundi-kwimba.dc-mwanza"
"bushigwamara","kalemala","kalemela",0.130952380952381,"kalemala-busega.dc-simiyu","kalemela-busega.dc-simiyu"
"buzunza","kidinda","isanga",0.357142857142857,"kidinda-bariadi.tc-simiyu","isanga-bariadi.tc-simiyu"
"bwage","mzia","mtibwa",0.25,"mzia-mvomero.dc-morogoro","mtibwa-mvomero.dc-morogoro"
"bwage","mziha","mhonda",0.3,"mziha-mvomero.dc-morogoro","mhonda-mvomero.dc-morogoro"
"bwage","mziha","mtibwa",0.3,"mziha-mvomero.dc-morogoro","mtibwa-mvomero.dc-morogoro"
"bwage.nyumbani","mziha","mhonda",0.3,"mziha-mvomero.dc-morogoro","mhonda-mvomero.dc-morogoro"
"bwage.nyumbani","mziha","mtibwa",0.3,"mziha-mvomero.dc-morogoro","mtibwa-mvomero.dc-morogoro"
"bwawani","chikopelo","chikola",0.158730158730159,"chikopelo-bahi.dc-dodoma","chikola-bahi.dc-dodoma"
"bwawani","kiberenge","kibaoni",0.328042328042328,"kiberenge-ifakara.tc-morogoro","kibaoni-ifakara.tc-morogoro"
"byuna","mwadobana","madobana",0.0370370370370371,"mwadobana-bariadi.dc-simiyu","madobana-bariadi.dc-simiyu"
"chalinze","chalinze","mkange",0.375,"chalinze-chalinze.dc-pwani","mkange-chalinze.dc-pwani"
"chalisuka","madibila","madibira",0.0833333333333334,"madibila-mbarali.dc-mbeya","madibira-mbarali.dc-mbeya"
"chalisuka","madibira","mapanda",0.30952380952381,"madibira-mufindi.dc-iringa","mapanda-mufindi.dc-iringa"
"chamalendi","chamalendi","mwamapuli",0.381481481481482,"chamalendi-mpimbwe.dc-katavi","mwamapuli-mpimbwe.dc-katavi"
"chamela","chamela","walla",0.323809523809524,"chamela-kwimba.dc-mwanza","walla-kwimba.dc-mwanza"
"chandulu","haya","mwamanga",0.416666666666667,"haya-magu.dc-mwanza","mwamanga-magu.dc-mwanza"
"chandulu","haya","kahangara",0.416666666666667,"haya-magu.dc-mwanza","kahangara-magu.dc-mwanza"
"chandulu","haya","shishani",0.416666666666667,"haya-magu.dc-mwanza","shishani-magu.dc-mwanza"
"chanikanguo","chanikanguo","chigugu",0.277056277056277,"chanikanguo-masasi.dc-mtwara","chigugu-masasi.dc-mtwara"
"chanikanguocha","chanikanguo","chigugu",0.277056277056277,"chanikanguo-masasi.dc-mtwara","chigugu-masasi.dc-mtwara"
"chapwa","chapwa","vwawa",0.3,"chapwa-mbozi.dc-songwe","vwawa-mbozi.dc-songwe"
"chase","makorongo","makanda",0.328042328042328,"makorongo-bahi.dc-dodoma","makanda-bahi.dc-dodoma"
"chibelela","chibelela","chihanga",0.351851851851852,"chibelela-dodoma.cc-dodoma","chihanga-dodoma.cc-dodoma"
"chibuji","nyang.honga","usagara",0.432900432900433,"nyang.honga-misungwi.dc-mwanza","usagara-misungwi.dc-mwanza"
"chibuji","nyangh.ongwa","usagara",0.44047619047619,"nyangh.ongwa-misungwi.dc-mwanza","usagara-misungwi.dc-mwanza"
"chifutuka","chifutuka","chikola",0.328042328042328,"chifutuka-bahi.dc-dodoma","chikola-bahi.dc-dodoma"
"chiguluka","chiguluka","chikola",0.243386243386243,"chiguluka-bahi.dc-dodoma","chikola-bahi.dc-dodoma"
"chikole","kangakero","usangule",0.351851851851852,"kangakero-malinyi.dc-morogoro","usangule-malinyi.dc-morogoro"
"chikoropola.sindano.na.mnavira","sindano.mnavira","sindano",0.177777777777778,"sindano.mnavira-masasi.dc-mtwara","sindano-masasi.dc-mtwara"
"chikukwe","chikukwe","chiwale",0.220238095238095,"chikukwe-masasi.dc-mtwara","chiwale-masasi.dc-mtwara"
"chilimba.mitonji.lupaso","chiungutwa.mbuyuni.lupaso","chiungutwa",0.2,"chiungutwa.mbuyuni.lupaso-masasi.dc-mtwara","chiungutwa-masasi.dc-mtwara"
"chilulumo","chilulumo","ilungu",0.296296296296296,"chilulumo-mbeya.dc-mbeya","ilungu-mbeya.dc-mbeya"
"chilulumo","mkomba","kamsamba",0.347222222222222,"mkomba-momba.dc-songwe","kamsamba-momba.dc-songwe"
"chilungulu","chilungulu","chipanga",0.291666666666667,"chilungulu-bahi.dc-dodoma","chipanga-bahi.dc-dodoma"
"chimendeli","chimendeli","chibelela",0.3,"chimendeli-bahi.dc-dodoma","chibelela-bahi.dc-dodoma"
"chingali","njiwa","mtimbira",0.45,"njiwa-malinyi.dc-morogoro","mtimbira-malinyi.dc-morogoro"
"chinongwe","chinongwe","chiungutwa",0.244444444444444,"chinongwe-masasi.dc-mtwara","chiungutwa-masasi.dc-mtwara"
"chipole","chipole","chiwale",0.19047619047619,"chipole-masasi.dc-mtwara","chiwale-masasi.dc-mtwara"
"chipole","mumbaka","mnavira",0.380952380952381,"mumbaka-masasi.dc-mtwara","mnavira-masasi.dc-mtwara"
"chitandi","nangwala","nandwahi",0.25,"nangwala-newala.dc-mtwara","nandwahi-newala.dc-mtwara"
"chiwona","makan.gwa","makang.wa",0.0370370370370371,"makan.gwa-chamwino.dc-dodoma","makang.wa-chamwino.dc-dodoma"
"chizomoche","mbabala","babayu",0.253968253968254,"mbabala-bahi.dc-dodoma","babayu-bahi.dc-dodoma"
"chonde","manda","mpanda.ndogo",0.194444444444444,"manda-mpanda.dc-katavi","mpanda.ndogo-mpanda.dc-katavi"
"chonga","myula","kala",0.366666666666667,"myula-nkasi.dc-rukwa","kala-nkasi.dc-rukwa"
"chunya.mjini","chunya.mjini","chokaa",0.416666666666667,"chunya.mjini-chunya.dc-mbeya","chokaa-chunya.dc-mbeya"
"dar.es.salam","pugu","kiburugwa",0.425925925925926,"pugu-temeke.mc-dar.es.salaam","kiburugwa-temeke.mc-dar.es.salaam"
"dodoma","dodoma","dom.makulu",0.311111111111111,"dodoma-dodoma.cc-dodoma","dom.makulu-dodoma.cc-dodoma"
"dodoma","dodoma.mjini","dom.makulu",0.383333333333333,"dodoma.mjini-dodoma.cc-dodoma","dom.makulu-dodoma.cc-dodoma"
"dodoma","kisasa","ipala",0.3,"kisasa-dodoma.cc-dodoma","ipala-dodoma.cc-dodoma"
"dodoma","msalato","mpalanga",0.30952380952381,"msalato-bahi.dc-dodoma","mpalanga-bahi.dc-dodoma"
"dodoma.na.dar.es.salaam","dodoma.na.dar.es.salaam","mbalawala",0.40901771336554,"dodoma.na.dar.es.salaam-dodoma.cc-dodoma","mbalawala-dodoma.cc-dodoma"
"donselo","mwampalala","mwamapalala",0.13030303030303,"mwampalala-itilima.dc-simiyu","mwamapalala-itilima.dc-simiyu"
"dudulu","dudulu","lugulu",0.222222222222222,"dudulu-itilima.dc-simiyu","lugulu-itilima.dc-simiyu"
"dungo","mziha","mhonda",0.3,"mziha-mvomero.dc-morogoro","mhonda-mvomero.dc-morogoro"
"dungo","mziha","mtibwa",0.3,"mziha-mvomero.dc-morogoro","mtibwa-mvomero.dc-morogoro"
"faranji","igava","ivuna",0.4,"igava-momba.dc-songwe","ivuna-momba.dc-songwe"
"faranji","igava","mpapa",0.4,"igava-momba.dc-songwe","mpapa-momba.dc-songwe"
"farm.17","nachingwea","nanganga",0.291666666666667,"nachingwea-masasi.dc-mtwara","nanganga-masasi.dc-mtwara"
"finga","finga","mfinga",0.0555555555555556,"finga-sumbawanga.dc-rukwa","mfinga-sumbawanga.dc-rukwa"
"fitumbi","magunga","matundasi",0.243386243386243,"magunga-chunya.dc-mbeya","matundasi-chunya.dc-mbeya"
"gasima","gasuma","gambosi",0.357142857142857,"gasuma-bariadi.dc-simiyu","gambosi-bariadi.dc-simiyu"
"gasuma","gasuma","gambosi",0.357142857142857,"gasuma-bariadi.dc-simiyu","gambosi-bariadi.dc-simiyu"
"gatuli","ngh.undi","ng.hundi",0.0416666666666667,"ngh.undi-kwimba.dc-mwanza","ng.hundi-kwimba.dc-mwanza"
"gatuli","nhundi","ng.hundi",0.0833333333333334,"nhundi-kwimba.dc-mwanza","ng.hundi-kwimba.dc-mwanza"
"gohe","gohee","songe",0.4,"gohee-kilindi.dc-tanga","songe-kilindi.dc-tanga"
"gongoni","rudewa.gongoni","rudewa",0.19047619047619,"rudewa.gongoni-kilosa.dc-morogoro","rudewa-kilosa.dc-morogoro"
"gudui","gudui","guduwi",0.0555555555555556,"gudui-bariadi.tc-simiyu","guduwi-bariadi.tc-simiyu"
"halaka","hezia","msia",0.366666666666667,"hezia-mbozi.dc-songwe","msia-mbozi.dc-songwe"
"hamia","makanda","msaada",0.150793650793651,"makanda-chemba.dc-dodoma","msaada-chemba.dc-dodoma"
"handeni","handeni","sindeni",0.19047619047619,"handeni-handeni.dc-tanga","sindeni-handeni.dc-tanga"
"handeni","handeni","chumbageni",0.261904761904762,"handeni-tanga.cc-tanga","chumbageni-tanga.cc-tanga"
"hilumba","itongo","igongwa",0.253968253968254,"itongo-kwimba.dc-mwanza","igongwa-kwimba.dc-mwanza"
"hundi","hundi","ng.hundi",0.225,"hundi-kwimba.dc-mwanza","ng.hundi-kwimba.dc-mwanza"
"hunghumalwa","hunghumalwa","hungumalwa",0.0303030303030303,"hunghumalwa-kwimba.dc-mwanza","hungumalwa-kwimba.dc-mwanza"
"ibahi","mvumi","mbumi",0.133333333333333,"mvumi-kilosa.dc-morogoro","mbumi-kilosa.dc-morogoro"
"ibahi.mvumi","mvumi","mbumi",0.133333333333333,"mvumi-kilosa.dc-morogoro","mbumi-kilosa.dc-morogoro"
"ibilishi","ibilishi","busilili",0.25,"ibilishi-maswa.dc-simiyu","busilili-maswa.dc-simiyu"
"ibindi","ibindi","itenka",0.444444444444445,"ibindi-nsimbo.dc-katavi","itenka-nsimbo.dc-katavi"
"ibolyo","ibolyo","gilya",0.3,"ibolyo-bariadi.dc-simiyu","gilya-bariadi.dc-simiyu"
"idiwili","idiwili","isandula",0.398809523809524,"idiwili-mbozi.dc-songwe","isandula-mbozi.dc-songwe"
"idiwili","itiwili","itaka",0.438095238095238,"itiwili-mbozi.dc-songwe","itaka-mbozi.dc-songwe"
"idiwili","itiwili","iyula",0.438095238095238,"itiwili-mbozi.dc-songwe","iyula-mbozi.dc-songwe"
"iduya","utengule","utengule.usangu",0.155555555555556,"utengule-mbarali.dc-mbeya","utengule.usangu-mbarali.dc-mbeya"
"iduya","utenguleusangu","utengule.usangu",0.0222222222222221,"utenguleusangu-mbarali.dc-mbeya","utengule.usangu-mbarali.dc-mbeya"
"ifakara","mlabani","kibaoni",0.369047619047619,"mlabani-ifakara.tc-morogoro","kibaoni-ifakara.tc-morogoro"
"ifakara","viwanja.sitini","kibaoni",0.380952380952381,"viwanja.sitini-ifakara.tc-morogoro","kibaoni-ifakara.tc-morogoro"
"ifakara","viwanjasitini","kibaoni",0.373626373626374,"viwanjasitini-ifakara.tc-morogoro","kibaoni-ifakara.tc-morogoro"
"igangwe","matinila","mtanila",0.136904761904762,"matinila-chunya.dc-mbeya","mtanila-chunya.dc-mbeya"
"igangwe","nkung.ungu","lupatingatinga",0.447619047619048,"nkung.ungu-chunya.dc-mbeya","lupatingatinga-chunya.dc-mbeya"
"igawa","igawa","kilosa.kwa.mpepo",0.316666666666667,"igawa-malinyi.dc-morogoro","kilosa.kwa.mpepo-malinyi.dc-morogoro"
"igawa.nyumbani","igawa","kilosa.kwa.mpepo",0.316666666666667,"igawa-malinyi.dc-morogoro","kilosa.kwa.mpepo-malinyi.dc-morogoro"
"igegu","igegu","ngulyati",0.45,"igegu-bariadi.dc-simiyu","ngulyati-bariadi.dc-simiyu"
"igombe","kabila","kisesa",0.333333333333333,"kabila-magu.dc-mwanza","kisesa-magu.dc-mwanza"
"iguguya","ngundi","ng.hundi",0.0833333333333334,"ngundi-kwimba.dc-mwanza","ng.hundi-kwimba.dc-mwanza"
"igumbilo","milola","ilonga",0.222222222222222,"milola-ulanga.dc-morogoro","ilonga-ulanga.dc-morogoro"
"igumbilo.milola.na.mavimba","milola","ilonga",0.222222222222222,"milola-ulanga.dc-morogoro","ilonga-ulanga.dc-morogoro"
"igumbiro","milola","ilonga",0.222222222222222,"milola-ulanga.dc-morogoro","ilonga-ulanga.dc-morogoro"
"igumbiro.nyumbani","milola","ilonga",0.222222222222222,"milola-ulanga.dc-morogoro","ilonga-ulanga.dc-morogoro"
"iheha","mad","madibira",0.208333333333333,"mad-mbarali.dc-mbeya","madibira-mbarali.dc-mbeya"
"iheha","madibila","madibira",0.0833333333333334,"madibila-mbarali.dc-mbeya","madibira-mbarali.dc-mbeya"
"ihowewanga","ihowewanga","ngoheranga",0.247619047619048,"ihowewanga-malinyi.dc-morogoro","ngoheranga-malinyi.dc-morogoro"
"ikizi","ikizi","kipili",0.261111111111111,"ikizi-nkasi.dc-rukwa","kipili-nkasi.dc-rukwa"
"ikulimambo","uhenga","luduga",0.333333333333333,"uhenga-wanging.ombe.dc-njombe","luduga-wanging.ombe.dc-njombe"
"ikunguligu","ikunguligu","lugulu",0.222222222222222,"ikunguligu-itilima.dc-simiyu","lugulu-itilima.dc-simiyu"
"ikungulipu","luguru","lugulu",0.111111111111111,"luguru-itilima.dc-simiyu","lugulu-itilima.dc-simiyu"
"ikungulyambeshi","ikungulyambeshi","ikungulyabashashi",0.122875816993464,"ikungulyambeshi-bariadi.dc-simiyu","ikungulyabashashi-bariadi.dc-simiyu"
"ilambilole","kising.a","kalenga",0.30952380952381,"kising.a-iringa.dc-iringa","kalenga-iringa.dc-iringa"
"ilambo","kilangawqna","kaengesa",0.306818181818182,"kilangawqna-sumbawanga.dc-rukwa","kaengesa-sumbawanga.dc-rukwa"
"ilambo","kolangawana","kaengesa",0.306818181818182,"kolangawana-sumbawanga.dc-rukwa","kaengesa-sumbawanga.dc-rukwa"
"ilangawana","ilangawana","miangalua",0.244444444444444,"ilangawana-sumbawanga.dc-rukwa","miangalua-sumbawanga.dc-rukwa"
"ilengo","mkomba","kamsamba",0.347222222222222,"mkomba-momba.dc-songwe","kamsamba-momba.dc-songwe"
"ilomba","idiwili","isandula",0.398809523809524,"idiwili-mbozi.dc-songwe","isandula-mbozi.dc-songwe"
"imalauduki","kamsisi","nsenkwa",0.571428571428572,"kamsisi-mlele.dc-katavi","nsenkwa-mlele.dc-katavi"
"imalilo","bunamala","bunamhala",0.0370370370370371,"bunamala-bariadi.tc-simiyu","bunamhala-bariadi.tc-simiyu"
"imalilosongwe","imalilasongwe","imalilosongwe",0.0790598290598291,"imalilasongwe-mbarali.dc-mbeya","imalilosongwe-mbarali.dc-mbeya"
"imalilosongwe","imalilosongwe","galula",0.423076923076923,"imalilosongwe-songwe.dc-songwe","galula-songwe.dc-songwe"
"imarauduki","kamsisi","nsenkwa",0.571428571428572,"kamsisi-mlele.dc-katavi","nsenkwa-mlele.dc-katavi"
"ingongwa","sumbuku","sumbugu",0.0952380952380952,"sumbuku-misungwi.dc-mwanza","sumbugu-misungwi.dc-mwanza"
"inonelwa","misasi","masasi",0.177777777777778,"misasi-misungwi.dc-mwanza","masasi-misungwi.dc-mwanza"
"inteka","inteka","itenka",0.0833333333333334,"inteka-nsimbo.dc-katavi","itenka-nsimbo.dc-katavi"
"ipanda","ipanda","kipande",0.150793650793651,"ipanda-nkasi.dc-rukwa","kipande-nkasi.dc-rukwa"
"ipera","itete.njiwa","itete",0.181818181818182,"itete.njiwa-malinyi.dc-morogoro","itete-malinyi.dc-morogoro"
"ipera.asilia","itete.njiwa","itete",0.181818181818182,"itete.njiwa-malinyi.dc-morogoro","itete-malinyi.dc-morogoro"
"iringa","ipogoro","kihorogota",0.236507936507937,"ipogoro-iringa.dc-iringa","kihorogota-iringa.dc-iringa"
"iringa","iringa","mtwivila",0.375,"iringa-iringa.mc-iringa","mtwivila-iringa.mc-iringa"
"iringa.manispaa","iringa.manispaa","kitanzini",0.366666666666667,"iringa.manispaa-iringa.mc-iringa","kitanzini-iringa.mc-iringa"
"iringa.mvumi","iringa.mvumi","iringamvumi",0.0277777777777779,"iringa.mvumi-chamwino.dc-dodoma","iringamvumi-chamwino.dc-dodoma"
"isagala","wala","walla",0.0666666666666668,"wala-kwimba.dc-mwanza","walla-kwimba.dc-mwanza"
"isale","kakoma","kala",0.25,"kakoma-nkasi.dc-rukwa","kala-nkasi.dc-rukwa"
"isangawana","isangawana","sangambi",0.291666666666667,"isangawana-chunya.dc-mbeya","sangambi-chunya.dc-mbeya"
"isangha","chibelela","chihanga",0.351851851851852,"chibelela-dodoma.cc-dodoma","chihanga-dodoma.cc-dodoma"
"isangha","isangha","chipanga",0.220238095238095,"isangha-bahi.dc-dodoma","chipanga-bahi.dc-dodoma"
"isanzu","manda","msangano",0.233333333333333,"manda-momba.dc-songwe","msangano-momba.dc-songwe"
"isazya","mkomba","kamsamba",0.347222222222222,"mkomba-momba.dc-songwe","kamsamba-momba.dc-songwe"
"isunta","namanyer","namanyere",0.0370370370370371,"namanyer-nkasi.dc-rukwa","namanyere-nkasi.dc-rukwa"
"itenka","itenka","sibwesa",0.357142857142857,"itenka-mpanda.dc-katavi","sibwesa-mpanda.dc-katavi"
"itete","itete.njiwa","itete",0.181818181818182,"itete.njiwa-malinyi.dc-morogoro","itete-malinyi.dc-morogoro"
"itete.juu","itete.njiwa","itete",0.181818181818182,"itete.njiwa-malinyi.dc-morogoro","itete-malinyi.dc-morogoro"
"itimaa","gwalaa","ngwala",0.111111111111111,"gwalaa-songwe.dc-songwe","ngwala-songwe.dc-songwe"
"itimaa","ngwala","luwalaje",0.277777777777778,"ngwala-chunya.dc-mbeya","luwalaje-chunya.dc-mbeya"
"itindi","paramawe","kabwe",0.341666666666667,"paramawe-nkasi.dc-rukwa","kabwe-nkasi.dc-rukwa"
"itindi","swahila","chala",0.292857142857143,"swahila-nkasi.dc-rukwa","chala-nkasi.dc-rukwa"
"ivuna","momba","ilemba",0.3,"momba-sumbawanga.dc-rukwa","ilemba-sumbawanga.dc-rukwa"
"iwalaje","iwalaje","luwalaje",0.214285714285714,"iwalaje-chunya.dc-mbeya","luwalaje-chunya.dc-mbeya"
"iwalanje","igawa","igava",0.133333333333333,"igawa-mbarali.dc-mbeya","igava-mbarali.dc-mbeya"
"izigila","jikwiti","vigoi",0.438095238095238,"jikwiti-ulanga.dc-morogoro","vigoi-ulanga.dc-morogoro"
"iñyonga","iñyonga","inyonga",0.0952380952380952,"iñyonga-mlele.dc-katavi","inyonga-mlele.dc-katavi"
"jija","jija","gilya",0.366666666666667,"jija-bariadi.dc-simiyu","gilya-bariadi.dc-simiyu"
"kabale","uingo","buhingo",0.0952380952380952,"uingo-misungwi.dc-mwanza","buhingo-misungwi.dc-mwanza"
"kabila","kabila","nkalalo",0.253968253968254,"kabila-kwimba.dc-mwanza","nkalalo-kwimba.dc-mwanza"
"kabila","kabila","kisesa",0.333333333333333,"kabila-magu.dc-mwanza","kisesa-magu.dc-mwanza"
"kabisile","nkung.ungu","lupatingatinga",0.447619047619048,"nkung.ungu-chunya.dc-mbeya","lupatingatinga-chunya.dc-mbeya"
"kadashi","kadashi","nkalalo",0.380952380952381,"kadashi-kwimba.dc-mwanza","nkalalo-kwimba.dc-mwanza"
"kadashi","maligisu","magu.mjini",0.3,"maligisu-magu.dc-mwanza","magu.mjini-magu.dc-mwanza"
"kakoma","kipundu","kipande",0.19047619047619,"kipundu-nkasi.dc-rukwa","kipande-nkasi.dc-rukwa"
"kakonji","mzia","mtibwa",0.25,"mzia-mvomero.dc-morogoro","mtibwa-mvomero.dc-morogoro"
"kaladasi","msowelo","msowero",0.0952380952380952,"msowelo-kilosa.dc-morogoro","msowero-kilosa.dc-morogoro"
"kalemela","chamngasa","lamadi",0.388888888888889,"chamngasa-busega.dc-simiyu","lamadi-busega.dc-simiyu"
"kalemela","kalemela","kisesa",0.375,"kalemela-magu.dc-mwanza","kisesa-magu.dc-mwanza"
"kalemela","kalemela","sukuma",0.375,"kalemela-magu.dc-mwanza","sukuma-magu.dc-mwanza"
"kalengakero","sangule","usangule",0.0416666666666667,"sangule-malinyi.dc-morogoro","usangule-malinyi.dc-morogoro"
"kalimbaleza","kalumbaleza","kalambanzite",0.236531986531986,"kalumbaleza-sumbawanga.dc-rukwa","kalambanzite-sumbawanga.dc-rukwa"
"kalumbaleza","kalimbaleza","kalambanzite",0.236531986531986,"kalimbaleza-sumbawanga.dc-rukwa","kalambanzite-sumbawanga.dc-rukwa"
"kalundi","kalundi","nkandasi",0.220238095238095,"kalundi-nkasi.dc-rukwa","nkandasi-nkasi.dc-rukwa"
"kalyalya","kalyalya","kagunga",0.398809523809524,"kalyalya-kigoma.dc-kigoma","kagunga-kigoma.dc-kigoma"
"kalyalya","kalyalya","kalinzi",0.398809523809524,"kalyalya-kigoma.dc-kigoma","kalinzi-kigoma.dc-kigoma"
"kamalmpaka","iñyonga","inyonga",0.0952380952380952,"iñyonga-mlele.dc-katavi","inyonga-mlele.dc-katavi"
"kambi.ya.fisi","napupa","nanjota",0.357142857142857,"napupa-masasi.dc-mtwara","nanjota-masasi.dc-mtwara"
"kambi.ya.fisi","napupa","mnavira",0.357142857142857,"napupa-masasi.dc-mtwara","mnavira-masasi.dc-mtwara"
"kamsabwa","kamsabwa","kalambanzite",0.305555555555556,"kamsabwa-sumbawanga.dc-rukwa","kalambanzite-sumbawanga.dc-rukwa"
"kamsamba","kamsamba","kalambanzite",0.305555555555556,"kamsamba-sumbawanga.dc-rukwa","kalambanzite-sumbawanga.dc-rukwa"
"kamsisi","kamsisi","nsenkwa",0.571428571428572,"kamsisi-mlele.dc-katavi","nsenkwa-mlele.dc-katavi"
"kangabilili","kangabilili","lagangabilili",0.157226107226107,"kangabilili-itilima.dc-simiyu","lagangabilili-itilima.dc-simiyu"
"kangaga","chang.ombe.mawindi","miyombweni",0.335185185185185,"chang.ombe.mawindi-mbarali.dc-mbeya","miyombweni-mbarali.dc-mbeya"
"kanindi","mamba.a","mamba",0.0952380952380952,"mamba.a-mpimbwe.dc-katavi","mamba-mpimbwe.dc-katavi"
"kankelele","inyonya","inyonga",0.0952380952380952,"inyonya-mlele.dc-katavi","inyonga-mlele.dc-katavi"
"kaoze","kipenta","kipeta",0.0476190476190477,"kipenta-sumbawanga.dc-rukwa","kipeta-sumbawanga.dc-rukwa"
"kashishi","kashishi","kasansa",0.30952380952381,"kashishi-mpimbwe.dc-katavi","kasansa-mpimbwe.dc-katavi"
"kashishi","kazagayu","zagayu",0.194444444444445,"kazagayu-itilima.dc-simiyu","zagayu-itilima.dc-simiyu"
"kasisi","upendo","matundasi",0.388888888888889,"upendo-chunya.dc-mbeya","matundasi-chunya.dc-mbeya"
"kasu","kandasi","nkandasi",0.113095238095238,"kandasi-nkasi.dc-rukwa","nkandasi-nkasi.dc-rukwa"
"katani","kandasi","nkandasi",0.113095238095238,"kandasi-nkasi.dc-rukwa","nkandasi-nkasi.dc-rukwa"
"katumbila","katumbila","mkwamba",0.243386243386243,"katumbila-nkasi.dc-rukwa","mkwamba-nkasi.dc-rukwa"
"kayenze","kunguru","nkungulu",0.214285714285714,"kunguru-magu.dc-mwanza","nkungulu-magu.dc-mwanza"
"kibatula","mzia","mtibwa",0.25,"mzia-mvomero.dc-morogoro","mtibwa-mvomero.dc-morogoro"
"kibatula","mziha","mhonda",0.3,"mziha-mvomero.dc-morogoro","mhonda-mvomero.dc-morogoro"
"kibatula","mziha","mtibwa",0.3,"mziha-mvomero.dc-morogoro","mtibwa-mvomero.dc-morogoro"
"kibatula.nyumbani","mziha","mhonda",0.3,"mziha-mvomero.dc-morogoro","mhonda-mvomero.dc-morogoro"
"kibatula.nyumbani","mziha","mtibwa",0.3,"mziha-mvomero.dc-morogoro","mtibwa-mvomero.dc-morogoro"
"kiberenge","kiberenge","kibaoni",0.328042328042328,"kiberenge-ifakara.tc-morogoro","kibaoni-ifakara.tc-morogoro"
"kiberenge.nyumbani","kiberenge","kibaoni",0.328042328042328,"kiberenge-ifakara.tc-morogoro","kibaoni-ifakara.tc-morogoro"
"kichangani","viwanja.sitini","kibaoni",0.380952380952381,"viwanja.sitini-ifakara.tc-morogoro","kibaoni-ifakara.tc-morogoro"
"kidalimanda","kidalimanda","nkindwabiye",0.363636363636364,"kidalimanda-bariadi.dc-simiyu","nkindwabiye-bariadi.dc-simiyu"
"kidalimanda","kidalimanda","mwaumatondo",0.363636363636364,"kidalimanda-bariadi.dc-simiyu","mwaumatondo-bariadi.dc-simiyu"
"kidatu","kidatu","kibaoni",0.357142857142857,"kidatu-ifakara.tc-morogoro","kibaoni-ifakara.tc-morogoro"
"kidinda","kidi","nkindwabiye",0.325757575757576,"kidi-bariadi.dc-simiyu","nkindwabiye-bariadi.dc-simiyu"
"kidinda","kidinda","nkindwabiye",0.41038961038961,"kidinda-bariadi.dc-simiyu","nkindwabiye-bariadi.dc-simiyu"
"kidinda","kidinda","isanga",0.357142857142857,"kidinda-bariadi.tc-simiyu","isanga-bariadi.tc-simiyu"
"kidinda.mnadani","kidinda","isanga",0.357142857142857,"kidinda-bariadi.tc-simiyu","isanga-bariadi.tc-simiyu"
"kidoka","kidoka","kimaha",0.333333333333333,"kidoka-chemba.dc-dodoma","kimaha-chemba.dc-dodoma"
"kidulya","kidinda","isanga",0.357142857142857,"kidinda-bariadi.tc-simiyu","isanga-bariadi.tc-simiyu"
"kidulya","kidulya","gilya",0.20952380952381,"kidulya-bariadi.dc-simiyu","gilya-bariadi.dc-simiyu"
"kiji","igangwe","itewe",0.323809523809524,"igangwe-chunya.dc-mbeya","itewe-chunya.dc-mbeya"
"kijiji.cha.lyandu.nyumbani","uponera","minepa",0.357142857142857,"uponera-ulanga.dc-morogoro","minepa-ulanga.dc-morogoro"
"kijiji.cha.lyandu.nyumbani","uponera","lupiro",0.357142857142857,"uponera-ulanga.dc-morogoro","lupiro-ulanga.dc-morogoro"
"kijiji.cha.lyandu.nyumbani","uponera","ilonga",0.357142857142857,"uponera-ulanga.dc-morogoro","ilonga-ulanga.dc-morogoro"
"kijiji.mziha","mziha","mhonda",0.3,"mziha-mvomero.dc-morogoro","mhonda-mvomero.dc-morogoro"
"kijiji.mziha","mziha","mtibwa",0.3,"mziha-mvomero.dc-morogoro","mtibwa-mvomero.dc-morogoro"
"kilangawana","iilangawqna","miangalua",0.314333814333814,"iilangawqna-sumbawanga.dc-rukwa","miangalua-sumbawanga.dc-rukwa"
"kilangawana","kilangawana","kaengesa",0.306818181818182,"kilangawana-sumbawanga.dc-rukwa","kaengesa-sumbawanga.dc-rukwa"
"kilida","mfinga","mamba",0.422222222222222,"mfinga-mpimbwe.dc-katavi","mamba-mpimbwe.dc-katavi"
"kilida","mfinga","ikuba",0.422222222222222,"mfinga-mpimbwe.dc-katavi","ikuba-mpimbwe.dc-katavi"
"kilosampepo","kilosampepo","kilosa.kwa.mpepo",0.104166666666667,"kilosampepo-malinyi.dc-morogoro","kilosa.kwa.mpepo-malinyi.dc-morogoro"
"kilulu","bunamala","bunamhala",0.0370370370370371,"bunamala-bariadi.tc-simiyu","bunamhala-bariadi.tc-simiyu"
"kilyamatundu","kipenta","kipeta",0.0476190476190477,"kipenta-sumbawanga.dc-rukwa","kipeta-sumbawanga.dc-rukwa"
"kimamba","kimamba","kimamba.a",0.0740740740740742,"kimamba-kilosa.dc-morogoro","kimamba.a-kilosa.dc-morogoro"
"kimamba","kimamba","kimamba.b",0.0740740740740742,"kimamba-kilosa.dc-morogoro","kimamba.b-kilosa.dc-morogoro"
"kimamba.nyumbani","kimamba","kimamba.a",0.0740740740740742,"kimamba-kilosa.dc-morogoro","kimamba.a-kilosa.dc-morogoro"
"kimamba.nyumbani","kimamba","kimamba.b",0.0740740740740742,"kimamba-kilosa.dc-morogoro","kimamba.b-kilosa.dc-morogoro"
"kinamweli","kinamweli","kinang.weli",0.127946127946128,"kinamweli-itilima.dc-simiyu","kinang.weli-itilima.dc-simiyu"
"kiningi.na","kiningi.na","kibaoni",0.342857142857143,"kiningi.na-ifakara.tc-morogoro","kibaoni-ifakara.tc-morogoro"
"kintinku","kintinku","mwitikira",0.351851851851852,"kintinku-bahi.dc-dodoma","mwitikira-bahi.dc-dodoma"
"kinyampuma","nkung.ungu","lupatingatinga",0.447619047619048,"nkung.ungu-chunya.dc-mbeya","lupatingatinga-chunya.dc-mbeya"
"kinyika","kinyika","ifunda",0.357142857142857,"kinyika-iringa.dc-iringa","ifunda-iringa.dc-iringa"
"kinyope","kinyope","mipingo",0.380952380952381,"kinyope-lindi.dc-lindi","mipingo-lindi.dc-lindi"
"kinyope","kinyope","mnolela",0.380952380952381,"kinyope-lindi.dc-lindi","mnolela-lindi.dc-lindi"
"kinyope","kinyope","nyangao",0.380952380952381,"kinyope-lindi.dc-lindi","nyangao-lindi.dc-lindi"
"kinyope.lindi","kinyope","mipingo",0.380952380952381,"kinyope-lindi.dc-lindi","mipingo-lindi.dc-lindi"
"kinyope.lindi","kinyope","mnolela",0.380952380952381,"kinyope-lindi.dc-lindi","mnolela-lindi.dc-lindi"
"kinyope.lindi","kinyope","nyangao",0.380952380952381,"kinyope-lindi.dc-lindi","nyangao-lindi.dc-lindi"
"kinzoka","kinzoka","kanga",0.323809523809524,"kinzoka-songwe.dc-songwe","kanga-songwe.dc-songwe"
"kipingo","signal","mang.ula",0.361111111111111,"signal-kilombero.dc-morogoro","mang.ula-kilombero.dc-morogoro"
"kipingo","signali","kibaoni",0.369047619047619,"signali-ifakara.tc-morogoro","kibaoni-ifakara.tc-morogoro"
"kipingo","sugnal","lumemo",0.555555555555556,"sugnal-ifakara.tc-morogoro","lumemo-ifakara.tc-morogoro"
"kipingu","signal","ifakara",0.46031746031746,"signal-ifakara.tc-morogoro","ifakara-ifakara.tc-morogoro"
"kisasa","kisasa","ipala",0.3,"kisasa-dodoma.cc-dodoma","ipala-dodoma.cc-dodoma"
"kisasa","makuru","makanda",0.357142857142857,"makuru-bahi.dc-dodoma","makanda-bahi.dc-dodoma"
"kisasa","makuru","mundemu",0.357142857142857,"makuru-bahi.dc-dodoma","mundemu-bahi.dc-dodoma"
"kishapu","kashapu","kishapu",0.0952380952380952,"kashapu-kishapu.dc-shinyanga","kishapu-kishapu.dc-shinyanga"
"kisima.cha.ndege","kisima.cha.ndege","makanda",0.339285714285714,"kisima.cha.ndege-bahi.dc-dodoma","makanda-bahi.dc-dodoma"
"kisima.ndege","kisima.cha.ndege","makanda",0.339285714285714,"kisima.cha.ndege-bahi.dc-dodoma","makanda-bahi.dc-dodoma"
"kitiwale","igawa","kilosa.kwa.mpepo",0.316666666666667,"igawa-malinyi.dc-morogoro","kilosa.kwa.mpepo-malinyi.dc-morogoro"
"kitiwele.nyumbani","igawa","kilosa.kwa.mpepo",0.316666666666667,"igawa-malinyi.dc-morogoro","kilosa.kwa.mpepo-malinyi.dc-morogoro"
"kivingu","kivungu","kisanga",0.285714285714286,"kivungu-kilosa.dc-morogoro","kisanga-kilosa.dc-morogoro"
"kivungu","kivungu","kisanga",0.285714285714286,"kivungu-kilosa.dc-morogoro","kisanga-kilosa.dc-morogoro"
"kiwanda.cha.kongoa.kibaha","kongoa","kikongo",0.150793650793651,"kongoa-kibaha.dc-pwani","kikongo-kibaha.dc-pwani"
"kizota","kizota","mtitaa",0.333333333333333,"kizota-bahi.dc-dodoma","mtitaa-bahi.dc-dodoma"
"kizunguzi","ilonga","tindiga",0.253968253968254,"ilonga-kilosa.dc-morogoro","tindiga-kilosa.dc-morogoro"
"kongogo","kongogo","kigwe",0.438095238095238,"kongogo-bahi.dc-dodoma","kigwe-bahi.dc-dodoma"
"kwabeko","mziha","mhonda",0.3,"mziha-mvomero.dc-morogoro","mhonda-mvomero.dc-morogoro"
"kwabeko","mziha","mtibwa",0.3,"mziha-mvomero.dc-morogoro","mtibwa-mvomero.dc-morogoro"
"kwakonje","kibundu","kibindu",0.0952380952380952,"kibundu-chalinze.dc-pwani","kibindu-chalinze.dc-pwani"
"kwakonje","mziha","mhonda",0.3,"mziha-mvomero.dc-morogoro","mhonda-mvomero.dc-morogoro"
"kwakonje","mziha","mtibwa",0.3,"mziha-mvomero.dc-morogoro","mtibwa-mvomero.dc-morogoro"
"kwarugulu","negolo","negero",0.222222222222222,"negolo-kilindi.dc-tanga","negero-kilindi.dc-tanga"
"kwarugulu.nyumbani","negolo","negero",0.222222222222222,"negolo-kilindi.dc-tanga","negero-kilindi.dc-tanga"
"kwaruguru","negelo","negero",0.111111111111111,"negelo-kilindi.dc-tanga","negero-kilindi.dc-tanga"
"laini","laini","lagangabilili",0.297435897435897,"laini-itilima.dc-simiyu","lagangabilili-itilima.dc-simiyu"
"laini.migato","laini.migato","ikindiro",0.386111111111111,"laini.migato-itilima.dc-simiyu","ikindiro-itilima.dc-simiyu"
"lalago.sanga.senani.maswa","lalago.sanga.maswa","lalago",0.222222222222222,"lalago.sanga.maswa-maswa.dc-simiyu","lalago-maswa.dc-simiyu"
"lamaiti","lmaaiti","lamaiti",0.0476190476190477,"lmaaiti-bahi.dc-dodoma","lamaiti-bahi.dc-dodoma"
"legeza","kipenta","kipeta",0.0476190476190477,"kipenta-sumbawanga.dc-rukwa","kipeta-sumbawanga.dc-rukwa"
"likaye","igawa","kilosa.kwa.mpepo",0.316666666666667,"igawa-malinyi.dc-morogoro","kilosa.kwa.mpepo-malinyi.dc-morogoro"
"liloya","chikukwe","chiwale",0.220238095238095,"chikukwe-masasi.dc-mtwara","chiwale-masasi.dc-mtwara"
"lipangalala","lipangalala","ifakara",0.354978354978355,"lipangalala-ifakara.tc-morogoro","ifakara-ifakara.tc-morogoro"
"liwalaje","liwalaje","luwalaje",0.0833333333333334,"liwalaje-chunya.dc-mbeya","luwalaje-chunya.dc-mbeya"
"luchingu.a","tulindane","mnyambe",0.412698412698413,"tulindane-newala.dc-mtwara","mnyambe-newala.dc-mtwara"
"lugala","mbalaawala","mpalanga",0.291666666666667,"mbalaawala-bahi.dc-dodoma","mpalanga-bahi.dc-dodoma"
"lugoda","lugoda","idunda",0.333333333333333,"lugoda-mufindi.dc-iringa","idunda-mufindi.dc-iringa"
"luguru","luguru","lugulu",0.111111111111111,"luguru-itilima.dc-simiyu","lugulu-itilima.dc-simiyu"
"luhala","mwankurwe","mwankulwe",0.0740740740740742,"mwankurwe-kwimba.dc-mwanza","mwankulwe-kwimba.dc-mwanza"
"lukali","lukali","chali",0.3,"lukali-bahi.dc-dodoma","chali-bahi.dc-dodoma"
"lukoma","lukoma","sunuka",0.333333333333333,"lukoma-uvinza.dc-kigoma","sunuka-uvinza.dc-kigoma"
"lukungu","mwasamba","ngasamo",0.30952380952381,"mwasamba-busega.dc-simiyu","ngasamo-busega.dc-simiyu"
"lundelunde","mumbaka","mnavira",0.380952380952381,"mumbaka-masasi.dc-mtwara","mnavira-masasi.dc-mtwara"
"lunyala","majengo","mtenga",0.253968253968254,"majengo-nkasi.dc-rukwa","mtenga-nkasi.dc-rukwa"
"lupa","lupa","lupatingatinga",0.238095238095238,"lupa-chunya.dc-mbeya","lupatingatinga-chunya.dc-mbeya"
"lupa.tinga.tinga","lupa","lupatingatinga",0.238095238095238,"lupa-chunya.dc-mbeya","lupatingatinga-chunya.dc-mbeya"
"lupa.tingatinga","lupa","lupatingatinga",0.238095238095238,"lupa-chunya.dc-mbeya","lupatingatinga-chunya.dc-mbeya"
"lupa.tingatinga","lupa.tingatinga","lupatingatinga",0.0222222222222221,"lupa.tingatinga-chunya.dc-mbeya","lupatingatinga-chunya.dc-mbeya"
"lupaso","lupaso","nanjota",0.46031746031746,"lupaso-masasi.dc-mtwara","nanjota-masasi.dc-mtwara"
"lupaso","lupaso","sindano",0.46031746031746,"lupaso-masasi.dc-mtwara","sindano-masasi.dc-mtwara"
"lupaso","lupaso","lulindi",0.46031746031746,"lupaso-masasi.dc-mtwara","lulindi-masasi.dc-mtwara"
"lupemenda","igawa","kilosa.kwa.mpepo",0.316666666666667,"igawa-malinyi.dc-morogoro","kilosa.kwa.mpepo-malinyi.dc-morogoro"
"lupunga","lupunga","ngoheranga",0.423809523809524,"lupunga-malinyi.dc-morogoro","ngoheranga-malinyi.dc-morogoro"
"lusonje","mkururu","mkululu",0.19047619047619,"mkururu-masasi.dc-mtwara","mkululu-masasi.dc-mtwara"
"lutubiga","mwasamba","ngasamo",0.30952380952381,"mwasamba-busega.dc-simiyu","ngasamo-busega.dc-simiyu"
"mabambasi","mabambasi","mamba",0.248148148148148,"mabambasi-mpimbwe.dc-katavi","mamba-mpimbwe.dc-katavi"
"mabola","nkunguru","nkungulu",0.0833333333333334,"nkunguru-magu.dc-mwanza","nkungulu-magu.dc-mwanza"
"machombe","machombe","chiwale",0.43452380952381,"machombe-masasi.dc-mtwara","chiwale-masasi.dc-mtwara"
"machombe","machombe","mchauru",0.43452380952381,"machombe-masasi.dc-mtwara","mchauru-masasi.dc-mtwara"
"madabadaba","minazini","malinyi",0.320238095238095,"minazini-malinyi.dc-morogoro","malinyi-malinyi.dc-morogoro"
"madizini","mziha","mhonda",0.3,"mziha-mvomero.dc-morogoro","mhonda-mvomero.dc-morogoro"
"madizini","mziha","mtibwa",0.3,"mziha-mvomero.dc-morogoro","mtibwa-mvomero.dc-morogoro"
"madukani","lipangalala","ifakara",0.354978354978355,"lipangalala-ifakara.tc-morogoro","ifakara-ifakara.tc-morogoro"
"mafinga","mafinga","mninga",0.150793650793651,"mafinga-mufindi.dc-iringa","mninga-mufindi.dc-iringa"
"mafinga","mafinga","mpanga",0.150793650793651,"mafinga-mufindi.dc-iringa","mpanga-mufindi.dc-iringa"
"mafuluto","mafuluto","maguliwa",0.333333333333333,"mafuluto-iringa.dc-iringa","maguliwa-iringa.dc-iringa"
"magaga","chifutuka","chikola",0.328042328042328,"chifutuka-bahi.dc-dodoma","chikola-bahi.dc-dodoma"
"magudugudu","magudugudu","manda",0.366666666666667,"magudugudu-chamwino.dc-dodoma","manda-chamwino.dc-dodoma"
"magula","magula","magamba",0.253968253968254,"magula-nsimbo.dc-katavi","magamba-nsimbo.dc-katavi"
"magunga","nkung.ungu","lupatingatinga",0.447619047619048,"nkung.ungu-chunya.dc-mbeya","lupatingatinga-chunya.dc-mbeya"
"mahaha","mahaha","mwamanga",0.277777777777778,"mahaha-magu.dc-mwanza","mwamanga-magu.dc-mwanza"
"mahango","utenguleusangu","utengule.usangu",0.0222222222222221,"utenguleusangu-mbarali.dc-mbeya","utengule.usangu-mbarali.dc-mbeya"
"maiga","mwan.galang.a","mwang.halanga",0.0790598290598291,"mwan.galang.a-kwimba.dc-mwanza","mwang.halanga-kwimba.dc-mwanza"
"mailisita","chanikanguo","chigugu",0.277056277056277,"chanikanguo-masasi.dc-mtwara","chigugu-masasi.dc-mtwara"
"majengo","nkung.ungu","lupatingatinga",0.447619047619048,"nkung.ungu-chunya.dc-mbeya","lupatingatinga-chunya.dc-mbeya"
"majengo","upendo","matundasi",0.388888888888889,"upendo-chunya.dc-mbeya","matundasi-chunya.dc-mbeya"
"majili","sasagila","sasajila",0.0833333333333334,"sasagila-manyoni.dc-singida","sasajila-manyoni.dc-singida"
"makambako","makambako","mwembetogwa",0.396632996632997,"makambako-makambako.tc-njombe","mwembetogwa-makambako.tc-njombe"
"makambako","makambako","matembwe",0.351851851851852,"makambako-njombe.dc-njombe","matembwe-njombe.dc-njombe"
"makan.gwa","makan.gwa","makang.wa",0.0370370370370371,"makan.gwa-chamwino.dc-dodoma","makang.wa-chamwino.dc-dodoma"
"makanyaga","kidatu","kibaoni",0.357142857142857,"kidatu-ifakara.tc-morogoro","kibaoni-ifakara.tc-morogoro"
"makong.onda","makong.onda","nanganga",0.373484848484849,"makong.onda-masasi.dc-mtwara","nanganga-masasi.dc-mtwara"
"makong.onda.sindano.mnavira","makong.onda","nanganga",0.373484848484849,"makong.onda-masasi.dc-mtwara","nanganga-masasi.dc-mtwara"
"makongolosi","makongolosi","makongorosi",0.0606060606060606,"makongolosi-chunya.dc-mbeya","makongorosi-chunya.dc-mbeya"
"malampka","malampka","malampaka",0.0787037037037037,"malampka-maswa.dc-simiyu","malampaka-maswa.dc-simiyu"
"malangali","upendo","matundasi",0.388888888888889,"upendo-chunya.dc-mbeya","matundasi-chunya.dc-mbeya"
"malangamilo","makongolosi","makongorosi",0.0606060606060606,"makongolosi-chunya.dc-mbeya","makongorosi-chunya.dc-mbeya"
"maleza","kate","kaoze",0.216666666666667,"kate-sumbawanga.dc-rukwa","kaoze-sumbawanga.dc-rukwa"
"maleza","kilangawana","kaengesa",0.306818181818182,"kilangawana-sumbawanga.dc-rukwa","kaengesa-sumbawanga.dc-rukwa"
"maleza","maleza","milepa",0.222222222222222,"maleza-sumbawanga.dc-rukwa","milepa-sumbawanga.dc-rukwa"
"maloto","kimamba","kimamba.a",0.0740740740740742,"kimamba-kilosa.dc-morogoro","kimamba.a-kilosa.dc-morogoro"
"maloto","kimamba","kimamba.b",0.0740740740740742,"kimamba-kilosa.dc-morogoro","kimamba.b-kilosa.dc-morogoro"
"manawa","misasi","masasi",0.177777777777778,"misasi-misungwi.dc-mwanza","masasi-misungwi.dc-mwanza"
"mandang.ombe","mbaragane","mwamanenge",0.327777777777778,"mbaragane-maswa.dc-simiyu","mwamanenge-maswa.dc-simiyu"
"mango","mango","mhango",0.0555555555555556,"mango-bariadi.dc-simiyu","mhango-bariadi.dc-simiyu"
"mapili","pwaga","inyonga",0.438095238095238,"pwaga-mlele.dc-katavi","inyonga-mlele.dc-katavi"
"masasi","chanikanguo","chigugu",0.277056277056277,"chanikanguo-masasi.dc-mtwara","chigugu-masasi.dc-mtwara"
"masasi","masasi","mpanyani",0.277777777777778,"masasi-masasi.dc-mtwara","mpanyani-masasi.dc-mtwara"
"masasi","masasi","maratani",0.277777777777778,"masasi-nanyumbu.dc-mtwara","maratani-nanyumbu.dc-mtwara"
"masasi.mjini","chipole","chiwale",0.19047619047619,"chipole-masasi.dc-mtwara","chiwale-masasi.dc-mtwara"
"masasi.mjini","napupa","nanjota",0.357142857142857,"napupa-masasi.dc-mtwara","nanjota-masasi.dc-mtwara"
"masasi.mjini","napupa","mnavira",0.357142857142857,"napupa-masasi.dc-mtwara","mnavira-masasi.dc-mtwara"
"mashete","mashete","wampembe",0.392857142857143,"mashete-nkasi.dc-rukwa","wampembe-nkasi.dc-rukwa"
"mashete","mashetw","kate",0.404761904761905,"mashetw-nkasi.dc-rukwa","kate-nkasi.dc-rukwa"
"masimba","masimba","goima",0.323809523809524,"masimba-chemba.dc-dodoma","goima-chemba.dc-dodoma"
"masinda","masinda","msaada",0.217460317460317,"masinda-chemba.dc-dodoma","msaada-chemba.dc-dodoma"
"masunguru","masunguru","masuguru",0.0370370370370371,"masunguru-nanyumbu.dc-mtwara","masuguru-nanyumbu.dc-mtwara"
"maswa","maswa","masela",0.177777777777778,"maswa-maswa.dc-simiyu","masela-maswa.dc-simiyu"
"maswa","maswa","masengwa",0.125,"maswa-shinyanga.dc-shinyanga","masengwa-shinyanga.dc-shinyanga"
"matawale","matawale","namatutwe",0.305555555555556,"matawale-masasi.dc-mtwara","namatutwe-masasi.dc-mtwara"
"matebete","itamboleo","itambaleo",0.136574074074074,"itamboleo-mbarali.dc-mbeya","itambaleo-mbarali.dc-mbeya"
"mavimba","mavimba","mwaya",0.323809523809524,"mavimba-ulanga.dc-morogoro","mwaya-ulanga.dc-morogoro"
"mavimba","milola","ilonga",0.222222222222222,"milola-ulanga.dc-morogoro","ilonga-ulanga.dc-morogoro"
"mavimba.itobanilo","milola","ilonga",0.222222222222222,"milola-ulanga.dc-morogoro","ilonga-ulanga.dc-morogoro"
"mavimba.kaliagogo.nyumbani","milola","ilonga",0.222222222222222,"milola-ulanga.dc-morogoro","ilonga-ulanga.dc-morogoro"
"mavimba.kanyagatwende","milola","ilonga",0.222222222222222,"milola-ulanga.dc-morogoro","ilonga-ulanga.dc-morogoro"
"mavimba.kijijini","milola","ilonga",0.222222222222222,"milola-ulanga.dc-morogoro","ilonga-ulanga.dc-morogoro"
"mawale","parakuyo","mamboya",0.392857142857143,"parakuyo-kilosa.dc-morogoro","mamboya-kilosa.dc-morogoro"
"mayale","mayale","makoga",0.333333333333333,"mayale-wanging.ombe.dc-njombe","makoga-wanging.ombe.dc-njombe"
"mayamaya","mayamaya","makanda",0.30952380952381,"mayamaya-bahi.dc-dodoma","makanda-bahi.dc-dodoma"
"maziwa","maziwa","ibihwa",0.333333333333333,"maziwa-bahi.dc-dodoma","ibihwa-bahi.dc-dodoma"
"maziwa","maziwa","mtitaa",0.333333333333333,"maziwa-bahi.dc-dodoma","mtitaa-bahi.dc-dodoma"
"maziwa","maziwa","msaada",0.333333333333333,"maziwa-chemba.dc-dodoma","msaada-chemba.dc-dodoma"
"maziwa","maziwa","farkwa",0.333333333333333,"maziwa-chemba.dc-dodoma","farkwa-chemba.dc-dodoma"
"maziwa","nchemba","chemba",0.0476190476190477,"nchemba-chemba.dc-dodoma","chemba-chemba.dc-dodoma"
"mbagalambuyuni","kata.mkonona","likokona",0.305555555555556,"kata.mkonona-nanyumbu.dc-mtwara","likokona-nanyumbu.dc-mtwara"
"mbagalambuyuni","kata.mkonona","mkonona",0.305555555555556,"kata.mkonona-nanyumbu.dc-mtwara","mkonona-nanyumbu.dc-mtwara"
"mbalagani","mbalagani","masela",0.296296296296296,"mbalagani-maswa.dc-simiyu","masela-maswa.dc-simiyu"
"mbalagani","mbalagani","malampaka",0.296296296296296,"mbalagani-maswa.dc-simiyu","malampaka-maswa.dc-simiyu"
"mbalawawala","mbalawala","mpalanga",0.273148148148148,"mbalawala-bahi.dc-dodoma","mpalanga-bahi.dc-dodoma"
"mbangala","lupaso","nanjota",0.46031746031746,"lupaso-masasi.dc-mtwara","nanjota-masasi.dc-mtwara"
"mbangala","lupaso","sindano",0.46031746031746,"lupaso-masasi.dc-mtwara","sindano-masasi.dc-mtwara"
"mbangala","lupaso","lulindi",0.46031746031746,"lupaso-masasi.dc-mtwara","lulindi-masasi.dc-mtwara"
"mbao","mbao","mpapa",0.366666666666667,"mbao-momba.dc-songwe","mpapa-momba.dc-songwe"
"mbao","mkomba","kamsamba",0.347222222222222,"mkomba-momba.dc-songwe","kamsamba-momba.dc-songwe"
"mbao","ntungwa","myunga",0.253968253968254,"ntungwa-momba.dc-songwe","myunga-momba.dc-songwe"
"mbaragane","mbaragane","mwamanenge",0.327777777777778,"mbaragane-maswa.dc-simiyu","mwamanenge-maswa.dc-simiyu"
"mbeha","mbeha","mhonda",0.3,"mbeha-mvomero.dc-morogoro","mhonda-mvomero.dc-morogoro"
"mbeha","mbeha","mtibwa",0.3,"mbeha-mvomero.dc-morogoro","mtibwa-mvomero.dc-morogoro"
"mbeha","mbeha","melela",0.3,"mbeha-mvomero.dc-morogoro","melela-mvomero.dc-morogoro"
"mbeya","mbeya","tembela",0.33452380952381,"mbeya-mbeya.dc-mbeya","tembela-mbeya.dc-mbeya"
"mbuyu.kwa.mbuyu","mbuyu.kwa.mbuyu","masuguru",0.411111111111111,"mbuyu.kwa.mbuyu-nanyumbu.dc-mtwara","masuguru-nanyumbu.dc-mtwara"
"mchauru","makong.onda","nanganga",0.373484848484849,"makong.onda-masasi.dc-mtwara","nanganga-masasi.dc-mtwara"
"meatu.mkoa.wa.simiyu","mwanuzi","mwanhuzi",0.0416666666666667,"mwanuzi-meatu.dc-simiyu","mwanhuzi-meatu.dc-simiyu"
"meatu.simiyu","meatu","mwabuzo",0.323809523809524,"meatu-meatu.dc-simiyu","mwabuzo-meatu.dc-simiyu"
"meatu.simiyu","meatu","mwabuma",0.323809523809524,"meatu-meatu.dc-simiyu","mwabuma-meatu.dc-simiyu"
"megelo","megelo","negero",0.222222222222222,"megelo-kilindi.dc-tanga","negero-kilindi.dc-tanga"
"meta","meta","mtopwa",0.25,"meta-newala.dc-mtwara","mtopwa-newala.dc-mtwara"
"meta","newala","malatu",0.333333333333333,"newala-newala.dc-mtwara","malatu-newala.dc-mtwara"
"mfinga","mfunga","mfinga",0.111111111111111,"mfunga-sumbawanga.dc-rukwa","mfinga-sumbawanga.dc-rukwa"
"mgonaa","hombolo.bwawani","hombolo",0.177777777777778,"hombolo.bwawani-dodoma.cc-dodoma","hombolo-dodoma.cc-dodoma"
"michenzani","itete.njiwa","itete",0.181818181818182,"itete.njiwa-malinyi.dc-morogoro","itete-malinyi.dc-morogoro"
"mihale","mihale","mihingo",0.357142857142857,"mihale-bunda.dc-mara","mihingo-bunda.dc-mara"
"mikaganga","itete.njiwa","itete",0.181818181818182,"itete.njiwa-malinyi.dc-morogoro","itete-malinyi.dc-morogoro"
"mikangaga","itete.njiwa","itete",0.181818181818182,"itete.njiwa-malinyi.dc-morogoro","itete-malinyi.dc-morogoro"
"mikumbi","mikumbi","mkoma.ii",0.30952380952381,"mikumbi-newala.dc-mtwara","mkoma.ii-newala.dc-mtwara"
"milimate","milimate","sitalike",0.35,"milimate-nsimbo.dc-katavi","sitalike-nsimbo.dc-katavi"
"milola","milola","ilonga",0.222222222222222,"milola-ulanga.dc-morogoro","ilonga-ulanga.dc-morogoro"
"milunda","milunda","mlingula",0.242063492063492,"milunda-masasi.dc-mtwara","mlingula-masasi.dc-mtwara"
"milundelunde","mumbaka","mnavira",0.380952380952381,"mumbaka-masasi.dc-mtwara","mnavira-masasi.dc-mtwara"
"minawa","misasi","masasi",0.177777777777778,"misasi-misungwi.dc-mwanza","masasi-misungwi.dc-mwanza"
"minazini","itete.njiwa","itete",0.181818181818182,"itete.njiwa-malinyi.dc-morogoro","itete-malinyi.dc-morogoro"
"minazini","minazini","malinyi",0.320238095238095,"minazini-malinyi.dc-morogoro","malinyi-malinyi.dc-morogoro"
"miomboni","mofu","mbuga",0.366666666666667,"mofu-ulanga.dc-morogoro","mbuga-ulanga.dc-morogoro"
"misasi","miaasi","masasi",0.177777777777778,"miaasi-misungwi.dc-mwanza","masasi-misungwi.dc-mwanza"
"misasi","misaai","masasi",0.177777777777778,"misaai-misungwi.dc-mwanza","masasi-misungwi.dc-mwanza"
"misasi","misasi","masasi",0.177777777777778,"misasi-misungwi.dc-mwanza","masasi-misungwi.dc-mwanza"
"misufini.uhuru.park","misufini","mzinga",0.375,"misufini-morogoro.mc-morogoro","mzinga-morogoro.mc-morogoro"
"mitalula","itete.njiwa","itete",0.181818181818182,"itete.njiwa-malinyi.dc-morogoro","itete-malinyi.dc-morogoro"
"mitesa","mitesa","mwena",0.3,"mitesa-masasi.dc-mtwara","mwena-masasi.dc-mtwara"
"mitobo","burabujiga","bunamhala",0.385185185185185,"burabujiga-bariadi.tc-simiyu","bunamhala-bariadi.tc-simiyu"
"mitobo","mdalabujiga","budalabujiga",0.169191919191919,"mdalabujiga-itilima.dc-simiyu","budalabujiga-itilima.dc-simiyu"
"miula","miula","kala",0.366666666666667,"miula-nkasi.dc-rukwa","kala-nkasi.dc-rukwa"
"mkakatika","mpamatwa","mpamantwa",0.0370370370370371,"mpamatwa-bahi.dc-dodoma","mpamantwa-bahi.dc-dodoma"
"mkalenda","mkalenda","mkwedu",0.277777777777778,"mkalenda-newala.dc-mtwara","mkwedu-newala.dc-mtwara"
"mkobwe","msowelo","msowero",0.0952380952380952,"msowelo-kilosa.dc-morogoro","msowero-kilosa.dc-morogoro"
"mkole","mkole","nkomolo",0.323809523809524,"mkole-nkasi.dc-rukwa","nkomolo-nkasi.dc-rukwa"
"mkomange","igawa","kilosa.kwa.mpepo",0.316666666666667,"igawa-malinyi.dc-morogoro","kilosa.kwa.mpepo-malinyi.dc-morogoro"
"mkomba","mkomba","kamsamba",0.347222222222222,"mkomba-momba.dc-songwe","kamsamba-momba.dc-songwe"
"mkombilenga","ilolompya","ilolo.mpya",0.0333333333333334,"ilolompya-iringa.dc-iringa","ilolo.mpya-iringa.dc-iringa"
"mkongeni","dakawa","maskati",0.357142857142857,"dakawa-mvomero.dc-morogoro","maskati-mvomero.dc-morogoro"
"mkudumba","newala","malatu",0.333333333333333,"newala-newala.dc-mtwara","malatu-newala.dc-mtwara"
"mkumbwanye","boliboli","migoli",0.402777777777778,"boliboli-iringa.dc-iringa","migoli-iringa.dc-iringa"
"mkunywa","madibila","madibira",0.0833333333333334,"madibila-mbarali.dc-mbeya","madibira-mbarali.dc-mbeya"
"mkwapa","namatute","namatutwe",0.0370370370370371,"namatute-masasi.dc-mtwara","namatutwe-masasi.dc-mtwara"
"mkwaya","makong.onda","nanganga",0.373484848484849,"makong.onda-masasi.dc-mtwara","nanganga-masasi.dc-mtwara"
"mlamate","itekanka","itenka",0.166666666666667,"itekanka-nsimbo.dc-katavi","itenka-nsimbo.dc-katavi"
"mlonga.na.nyamakuyu","madibila","madibira",0.0833333333333334,"madibila-mbarali.dc-mbeya","madibira-mbarali.dc-mbeya"
"mmbwendi","mkangale","kala",0.291666666666667,"mkangale-nkasi.dc-rukwa","kala-nkasi.dc-rukwa"
"mnadani","misasi","masasi",0.177777777777778,"misasi-misungwi.dc-mwanza","masasi-misungwi.dc-mwanza"
"mnadani.kidinda","kidinda","isanga",0.357142857142857,"kidinda-bariadi.tc-simiyu","isanga-bariadi.tc-simiyu"
"mnara.wa.voda","malambo.a","malambo",0.0740740740740742,"malambo.a-bariadi.tc-simiyu","malambo-bariadi.tc-simiyu"
"mnarani","mnarani","kibaoni",0.380952380952381,"mnarani-ifakara.tc-morogoro","kibaoni-ifakara.tc-morogoro"
"mnazi","kalumbaleza","kalambanzite",0.236531986531986,"kalumbaleza-sumbawanga.dc-rukwa","kalambanzite-sumbawanga.dc-rukwa"
"mnkola","mnkola","chikola",0.253968253968254,"mnkola-bahi.dc-dodoma","chikola-bahi.dc-dodoma"
"moba","kashishi","kasansa",0.30952380952381,"kashishi-mpimbwe.dc-katavi","kasansa-mpimbwe.dc-katavi"
"mpamatwa","mpamatwa","mpamantwa",0.0370370370370371,"mpamatwa-bahi.dc-dodoma","mpamantwa-bahi.dc-dodoma"
"mpanda","mpanda","mpanda.hotel",0.166666666666667,"mpanda-mpanda.mc-katavi","mpanda.hotel-mpanda.mc-katavi"
"mpemba.tunduma","mpemba","mpapa",0.3,"mpemba-momba.dc-songwe","mpapa-momba.dc-songwe"
"mpete","mwadui","mpui",0.25,"mwadui-sumbawanga.dc-rukwa","mpui-sumbawanga.dc-rukwa"
"mpinga","mpinga","mpalanga",0.280555555555556,"mpinga-bahi.dc-dodoma","mpalanga-bahi.dc-dodoma"
"mpolo","utenguleusangu","utengule.usangu",0.0222222222222221,"utenguleusangu-mbarali.dc-mbeya","utengule.usangu-mbarali.dc-mbeya"
"mria","kalumbaleza","kalambanzite",0.236531986531986,"kalumbaleza-sumbawanga.dc-rukwa","kalambanzite-sumbawanga.dc-rukwa"
"msadia","nyambwe","mamba",0.323809523809524,"nyambwe-mpimbwe.dc-katavi","mamba-mpimbwe.dc-katavi"
"msalato","masalato","msalato",0.136904761904762,"masalato-dodoma.cc-dodoma","msalato-dodoma.cc-dodoma"
"msalato","msalato","mpalanga",0.30952380952381,"msalato-bahi.dc-dodoma","mpalanga-bahi.dc-dodoma"
"msembeta","msembeta","mtumba",0.277777777777778,"msembeta-dodoma.cc-dodoma","mtumba-dodoma.cc-dodoma"
"msowelo","msowelo","msowero",0.0952380952380952,"msowelo-kilosa.dc-morogoro","msowero-kilosa.dc-morogoro"
"mtaa.wa.lingatu","kisarawe.2","kisarawe.ii",0.093939393939394,"kisarawe.2-kigamboni.mc-dar.es.salaam","kisarawe.ii-kigamboni.mc-dar.es.salaam"
"mtambaswala","masunguru","masuguru",0.0370370370370371,"masunguru-nanyumbu.dc-mtwara","masuguru-nanyumbu.dc-mtwara"
"mtapenda","kilangawana","kaengesa",0.306818181818182,"kilangawana-sumbawanga.dc-rukwa","kaengesa-sumbawanga.dc-rukwa"
"mtimbila","mtimbila","mtimbira",0.0833333333333334,"mtimbila-malinyi.dc-morogoro","mtimbira-malinyi.dc-morogoro"
"mtowisa","myowisa","mtowisa",0.0952380952380952,"myowisa-sumbawanga.dc-rukwa","mtowisa-sumbawanga.dc-rukwa"
"mufindi","mufindi","mninga",0.357142857142857,"mufindi-mufindi.dc-iringa","mninga-mufindi.dc-iringa"
"mufindi","mufindi","idunda",0.357142857142857,"mufindi-mufindi.dc-iringa","idunda-mufindi.dc-iringa"
"muhesi","muhesi","muhuwesi",0.0833333333333334,"muhesi-tunduru.dc-ruvuma","muhuwesi-tunduru.dc-ruvuma"
"muhunda","ilijamate","ilujamate",0.0740740740740742,"ilijamate-misungwi.dc-mwanza","ilujamate-misungwi.dc-mwanza"
"muhunze","kata","talaga",0.361111111111111,"kata-kishapu.dc-shinyanga","talaga-kishapu.dc-shinyanga"
"mumbaka","mumbaka","mnavira",0.380952380952381,"mumbaka-masasi.dc-mtwara","mnavira-masasi.dc-mtwara"
"mumbulu","nangoo","nanjota",0.253968253968254,"nangoo-masasi.dc-mtwara","nanjota-masasi.dc-mtwara"
"munyambe","munyambe","mnyambe",0.0416666666666667,"munyambe-newala.dc-mtwara","mnyambe-newala.dc-mtwara"
"muungano","muungano","mahongole",0.351851851851852,"muungano-mbarali.dc-mbeya","mahongole-mbarali.dc-mbeya"
"muze","muze","mbede",0.366666666666667,"muze-mpimbwe.dc-katavi","mbede-mpimbwe.dc-katavi"
"mvumi","msowelo","msowero",0.0952380952380952,"msowelo-kilosa.dc-morogoro","msowero-kilosa.dc-morogoro"
"mvumi","mvumi","mbumi",0.133333333333333,"mvumi-kilosa.dc-morogoro","mbumi-kilosa.dc-morogoro"
"mvumi.nyumbani","mvumi","mbumi",0.133333333333333,"mvumi-kilosa.dc-morogoro","mbumi-kilosa.dc-morogoro"
"mwabagole","mwan.galang.a","mwang.halanga",0.0790598290598291,"mwan.galang.a-kwimba.dc-mwanza","mwang.halanga-kwimba.dc-mwanza"
"mwabhagole","mwang.aranga","mwang.halanga",0.0790598290598291,"mwang.aranga-kwimba.dc-mwanza","mwang.halanga-kwimba.dc-mwanza"
"mwabuga","misasi","masasi",0.177777777777778,"misasi-misungwi.dc-mwanza","masasi-misungwi.dc-mwanza"
"mwabuhi","kabila","nkalalo",0.253968253968254,"kabila-kwimba.dc-mwanza","nkalalo-kwimba.dc-mwanza"
"mwagilili","nundulu","nhundulu",0.0416666666666667,"nundulu-misungwi.dc-mwanza","nhundulu-misungwi.dc-mwanza"
"mwagoli","kabila","kisesa",0.333333333333333,"kabila-magu.dc-mwanza","kisesa-magu.dc-mwanza"
"mwakibiga","mwakidiga","ng.wigwa",0.351851851851852,"mwakidiga-maswa.dc-simiyu","ng.wigwa-maswa.dc-simiyu"
"mwakiroba","rutubiga","lutubiga",0.0833333333333334,"rutubiga-busega.dc-simiyu","lutubiga-busega.dc-simiyu"
"mwakoloba","lamadi","gambosi",0.357142857142857,"lamadi-bariadi.dc-simiyu","gambosi-bariadi.dc-simiyu"
"mwamagigisi","igalukilo","kilalo",0.27037037037037,"igalukilo-bariadi.dc-simiyu","kilalo-bariadi.dc-simiyu"
"mwamagisi","chamngasa","lamadi",0.388888888888889,"chamngasa-busega.dc-simiyu","lamadi-busega.dc-simiyu"
"mwamagisi","mwasamba","ngasamo",0.30952380952381,"mwasamba-busega.dc-simiyu","ngasamo-busega.dc-simiyu"
"mwamapalala","mwamaplala","mwamapalala",0.096969696969697,"mwamaplala-itilima.dc-simiyu","mwamapalala-itilima.dc-simiyu"
"mwamashindike","mwabaratulu","mwamashimba",0.363636363636364,"mwabaratulu-maswa.dc-simiyu","mwamashimba-maswa.dc-simiyu"
"mwamigongwa","malili","kilalo",0.305555555555556,"malili-bariadi.dc-simiyu","kilalo-bariadi.dc-simiyu"
"mwamilu","bunamhala","nyamalapa",0.222222222222222,"bunamhala-itilima.dc-simiyu","nyamalapa-itilima.dc-simiyu"
"mwamkulu","mwamkulu","mkwamba",0.353571428571429,"mwamkulu-nkasi.dc-rukwa","mkwamba-nkasi.dc-rukwa"
"mwamkulu","mwamkulu","magamba",0.398809523809524,"mwamkulu-nsimbo.dc-katavi","magamba-nsimbo.dc-katavi"
"mwamloka","nghaya","ng.haya",0.0476190476190477,"nghaya-magu.dc-mwanza","ng.haya-magu.dc-mwanza"
"mwamtani","sagata","isanga",0.222222222222222,"sagata-bariadi.tc-simiyu","isanga-bariadi.tc-simiyu"
"mwamunu","mwamaplala","mwamapalala",0.096969696969697,"mwamaplala-itilima.dc-simiyu","mwamapalala-itilima.dc-simiyu"
"mwanangwa","mwanangwa","namalenga",0.195767195767196,"mwanangwa-masasi.dc-mtwara","namalenga-masasi.dc-mtwara"
"mwanangwa","mwanangwa","mwaniko",0.328042328042328,"mwanangwa-misungwi.dc-mwanza","mwaniko-misungwi.dc-mwanza"
"mwandete","basilili","busilili",0.0833333333333334,"basilili-maswa.dc-simiyu","busilili-maswa.dc-simiyu"
"mwanemba","mkurwe","mkulwe",0.111111111111111,"mkurwe-momba.dc-songwe","mkulwe-momba.dc-songwe"
"mwangika","rutubiga","lutubiga",0.0833333333333334,"rutubiga-busega.dc-simiyu","lutubiga-busega.dc-simiyu"
"mwankwaya","banehmi","sakwe",0.438095238095238,"banehmi-bariadi.dc-simiyu","sakwe-bariadi.dc-simiyu"
"mwanza","igoma","kirumba",0.323809523809524,"igoma-ilemela.mc-mwanza","kirumba-ilemela.mc-mwanza"
"mwanza","igoma","ilemela",0.323809523809524,"igoma-ilemela.mc-mwanza","ilemela-ilemela.mc-mwanza"
"mwanza","igoma","bugogwa",0.323809523809524,"igoma-ilemela.mc-mwanza","bugogwa-ilemela.mc-mwanza"
"mwanzo.mgumu","nkung.ungu","lupatingatinga",0.447619047619048,"nkung.ungu-chunya.dc-mbeya","lupatingatinga-chunya.dc-mbeya"
"mwanzoya","itubukilo","kilalo",0.388888888888889,"itubukilo-bariadi.dc-simiyu","kilalo-bariadi.dc-simiyu"
"mwasagala","misasi","masasi",0.177777777777778,"misasi-misungwi.dc-mwanza","masasi-misungwi.dc-mwanza"
"mwasamba","lutibiga","lutubiga",0.130952380952381,"lutibiga-busega.dc-simiyu","lutubiga-busega.dc-simiyu"
"mwasamba","mwasamba","ngasamo",0.30952380952381,"mwasamba-busega.dc-simiyu","ngasamo-busega.dc-simiyu"
"mwashepi","nhkunguru","nkungulu",0.115740740740741,"nhkunguru-magu.dc-mwanza","nkungulu-magu.dc-mwanza"
"mwashepi","nkunguru","nkungulu",0.0833333333333334,"nkunguru-magu.dc-mwanza","nkungulu-magu.dc-mwanza"
"mwaya.nyumbani.na.wengine.mnada.wa.lukande","kata.ya.mwaya.na.kata.ya.lukande","mwaya",0.447916666666667,"kata.ya.mwaya.na.kata.ya.lukande-ulanga.dc-morogoro","mwaya-ulanga.dc-morogoro"
"mweniemba","mkuru","mkulwe",0.3,"mkuru-momba.dc-songwe","mkulwe-momba.dc-songwe"
"mwiji","mwiji","matwiga",0.323809523809524,"mwiji-chunya.dc-mbeya","matwiga-chunya.dc-mbeya"
"mwitikila","mwitikila","mwitikira",0.0740740740740742,"mwitikila-bahi.dc-dodoma","mwitikira-bahi.dc-dodoma"
"myula","myula","kala",0.366666666666667,"myula-nkasi.dc-rukwa","kala-nkasi.dc-rukwa"
"mzia","mzia","mtibwa",0.25,"mzia-mvomero.dc-morogoro","mtibwa-mvomero.dc-morogoro"
"mziha","mziha","mhonda",0.3,"mziha-mvomero.dc-morogoro","mhonda-mvomero.dc-morogoro"
"mziha","mziha","mtibwa",0.3,"mziha-mvomero.dc-morogoro","mtibwa-mvomero.dc-morogoro"
"mziha.kwakonji","mziha","mhonda",0.3,"mziha-mvomero.dc-morogoro","mhonda-mvomero.dc-morogoro"
"mziha.kwakonji","mziha","mtibwa",0.3,"mziha-mvomero.dc-morogoro","mtibwa-mvomero.dc-morogoro"
"mziha.nyumbani","mziha","mhonda",0.3,"mziha-mvomero.dc-morogoro","mhonda-mvomero.dc-morogoro"
"mziha.nyumbani","mziha","mtibwa",0.3,"mziha-mvomero.dc-morogoro","mtibwa-mvomero.dc-morogoro"
"mzogole","mpinga","mpalanga",0.280555555555556,"mpinga-bahi.dc-dodoma","mpalanga-bahi.dc-dodoma"
"n.gwang.wale","kamondo","somanda",0.257142857142857,"kamondo-bariadi.tc-simiyu","somanda-bariadi.tc-simiyu"
"nachingwea","nachingwea","nangowe",0.180952380952381,"nachingwea-nachingwea.dc-lindi","nangowe-nachingwea.dc-lindi"
"nachinja.mnadani","misasi","masasi",0.177777777777778,"misasi-misungwi.dc-mwanza","masasi-misungwi.dc-mwanza"
"nagaga","nagaga","nanganga",0.0833333333333334,"nagaga-masasi.dc-mtwara","nanganga-masasi.dc-mtwara"
"nagaga","namelenga","namalenga",0.115740740740741,"namelenga-masasi.dc-mtwara","namalenga-masasi.dc-mtwara"
"nairombo","nairombo","mnavira",0.30952380952381,"nairombo-masasi.dc-mtwara","mnavira-masasi.dc-mtwara"
"nakachindu","namwanga","namalenga",0.115740740740741,"namwanga-masasi.dc-mtwara","namalenga-masasi.dc-mtwara"
"nakarara","makong.onda","nanganga",0.373484848484849,"makong.onda-masasi.dc-mtwara","nanganga-masasi.dc-mtwara"
"nakarara","nakarara","namajani",0.333333333333333,"nakarara-masasi.dc-mtwara","namajani-masasi.dc-mtwara"
"nakarara","nakarara","nanganga",0.333333333333333,"nakarara-masasi.dc-mtwara","nanganga-masasi.dc-mtwara"
"namangale","namangale","nandagala",0.195767195767196,"namangale-ruangwa.dc-lindi","nandagala-ruangwa.dc-lindi"
"namanyere","isunta","sintali",0.217460317460317,"isunta-nkasi.dc-rukwa","sintali-nkasi.dc-rukwa"
"namatumbusi","namatumbusi","namatula",0.234848484848485,"namatumbusi-nachingwea.dc-lindi","namatula-nachingwea.dc-lindi"
"namatumbusi.nachingwea.nahoro.liwale.namajani.masasi","nang.ondo","nangowe",0.243386243386243,"nang.ondo-nachingwea.dc-lindi","nangowe-nachingwea.dc-lindi"
"namatumbuzi","namatumbusi","namatula",0.234848484848485,"namatumbusi-nachingwea.dc-lindi","namatula-nachingwea.dc-lindi"
"nambunda","michenjele","mlingula",0.366666666666667,"michenjele-masasi.dc-mtwara","mlingula-masasi.dc-mtwara"
"nambunda","michenjele","mwena",0.366666666666667,"michenjele-masasi.dc-mtwara","mwena-masasi.dc-mtwara"
"nambunda","mijejele","mlingula",0.416666666666667,"mijejele-masasi.dc-mtwara","mlingula-masasi.dc-mtwara"
"nambunda","mijelejele","mkululu",0.423809523809524,"mijelejele-masasi.dc-mtwara","mkululu-masasi.dc-mtwara"
"namwawala","namwawala","ngoheranga",0.455555555555556,"namwawala-malinyi.dc-morogoro","ngoheranga-malinyi.dc-morogoro"
"nandagala","nandagala","namangale",0.195767195767196,"nandagala-lindi.dc-lindi","namangale-lindi.dc-lindi"
"nandangala","nandagala","makandana",0.305555555555556,"nandagala-rungwe.dc-mbeya","makandana-rungwe.dc-mbeya"
"nangoo","nangoo","nanjota",0.253968253968254,"nangoo-masasi.dc-mtwara","nanjota-masasi.dc-mtwara"
"nangwala","nangwala","nandwahi",0.25,"nangwala-newala.dc-mtwara","nandwahi-newala.dc-mtwara"
"nanji.igumbilo","milola","ilonga",0.222222222222222,"milola-ulanga.dc-morogoro","ilonga-ulanga.dc-morogoro"
"napupa","napupa","nanjota",0.357142857142857,"napupa-masasi.dc-mtwara","nanjota-masasi.dc-mtwara"
"napupa","napupa","mnavira",0.357142857142857,"napupa-masasi.dc-mtwara","mnavira-masasi.dc-mtwara"
"nasa","nyashimo","ngasamo",0.220238095238095,"nyashimo-busega.dc-simiyu","ngasamo-busega.dc-simiyu"
"nchinila","nchinila","chikola",0.220238095238095,"nchinila-bahi.dc-dodoma","chikola-bahi.dc-dodoma"
"ndagalu","kabila","kisesa",0.333333333333333,"kabila-magu.dc-mwanza","kisesa-magu.dc-mwanza"
"ndapo","kinyika","iniho",0.323809523809524,"kinyika-makete.dc-njombe","iniho-makete.dc-njombe"
"ndibwa","ndibwa","chiwale",0.357142857142857,"ndibwa-masasi.dc-mtwara","chiwale-masasi.dc-mtwara"
"ndibwa","ndibwa","chiwata",0.357142857142857,"ndibwa-masasi.dc-mtwara","chiwata-masasi.dc-mtwara"
"ndibwa","ndibwa","mnavira",0.357142857142857,"ndibwa-masasi.dc-mtwara","mnavira-masasi.dc-mtwara"
"ndomoni","nachingwea","nangowe",0.180952380952381,"nachingwea-nachingwea.dc-lindi","nangowe-nachingwea.dc-lindi"
"nduha","kabila","nkalalo",0.253968253968254,"kabila-kwimba.dc-mwanza","nkalalo-kwimba.dc-mwanza"
"newala","newala","chiwale",0.357142857142857,"newala-masasi.dc-mtwara","chiwale-masasi.dc-mtwara"
"newala","newala","chiwata",0.357142857142857,"newala-masasi.dc-mtwara","chiwata-masasi.dc-mtwara"
"newala","newala","nanjota",0.357142857142857,"newala-masasi.dc-mtwara","nanjota-masasi.dc-mtwara"
"newala","newala","mnavira",0.357142857142857,"newala-masasi.dc-mtwara","mnavira-masasi.dc-mtwara"
"newala","newala","malatu",0.333333333333333,"newala-newala.dc-mtwara","malatu-newala.dc-mtwara"
"ng.wang.aranga","ng.wang.aranga","mwang.halanga",0.322161172161172,"ng.wang.aranga-kwimba.dc-mwanza","mwang.halanga-kwimba.dc-mwanza"
"ngalaiwa","nkungu.ngu","lupatingatinga",0.447619047619048,"nkungu.ngu-chunya.dc-mbeya","lupatingatinga-chunya.dc-mbeya"
"ngalaiwe","igangwe","itewe",0.323809523809524,"igangwe-chunya.dc-mbeya","itewe-chunya.dc-mbeya"
"ngalaiwe","ngalaiwe","sangambi",0.35,"ngalaiwe-chunya.dc-mbeya","sangambi-chunya.dc-mbeya"
"ngalaiwe","nkung.ungu","lupatingatinga",0.447619047619048,"nkung.ungu-chunya.dc-mbeya","lupatingatinga-chunya.dc-mbeya"
"ngamanga","utengule","uhambule",0.333333333333333,"utengule-wanging.ombe.dc-njombe","uhambule-wanging.ombe.dc-njombe"
"ngeme","mwamaplalal","malambo",0.343722943722944,"mwamaplalal-bariadi.tc-simiyu","malambo-bariadi.tc-simiyu"
"ngh.undi","ngundu","ngudu",0.0555555555555556,"ngundu-kwimba.dc-mwanza","ngudu-kwimba.dc-mwanza"
"nghaya","nghaya","ng.haya",0.0476190476190477,"nghaya-magu.dc-mwanza","ng.haya-magu.dc-mwanza"
"ngula","ngula","ngulla",0.0555555555555556,"ngula-kwimba.dc-mwanza","ngulla-kwimba.dc-mwanza"
"nguliati","nguliati","ngulyati",0.154761904761905,"nguliati-bariadi.dc-simiyu","ngulyati-bariadi.dc-simiyu"
"nh.ungumalwa","nh.ungumalwa","hungumalwa",0.105555555555556,"nh.ungumalwa-kwimba.dc-mwanza","hungumalwa-kwimba.dc-mwanza"
"nh.ungumalwa","nhundi","ng.hundi",0.0833333333333334,"nhundi-kwimba.dc-mwanza","ng.hundi-kwimba.dc-mwanza"
"nhaya","nhaya","ng.haya",0.0952380952380952,"nhaya-magu.dc-mwanza","ng.haya-magu.dc-mwanza"
"nhindi","nhindi","nhinhi",0.111111111111111,"nhindi-chamwino.dc-dodoma","nhinhi-chamwino.dc-dodoma"
"nhundi","gatuli","ngulla",0.333333333333333,"gatuli-kwimba.dc-mwanza","ngulla-kwimba.dc-mwanza"
"njaula","mzia","mtibwa",0.25,"mzia-mvomero.dc-morogoro","mtibwa-mvomero.dc-morogoro"
"njeula.nyumbani","mziha","mhonda",0.3,"mziha-mvomero.dc-morogoro","mhonda-mvomero.dc-morogoro"
"njeula.nyumbani","mziha","mtibwa",0.3,"mziha-mvomero.dc-morogoro","mtibwa-mvomero.dc-morogoro"
"njeura","mziha","mhonda",0.3,"mziha-mvomero.dc-morogoro","mhonda-mvomero.dc-morogoro"
"njeura","mziha","mtibwa",0.3,"mziha-mvomero.dc-morogoro","mtibwa-mvomero.dc-morogoro"
"njiwa.juu","itete.njiwa","itete",0.181818181818182,"itete.njiwa-malinyi.dc-morogoro","itete-malinyi.dc-morogoro"
"njiwa.kati","itete.njiwa","itete",0.181818181818182,"itete.njiwa-malinyi.dc-morogoro","itete-malinyi.dc-morogoro"
"nkhome","nkhome","zanka",0.422222222222222,"nkhome-bahi.dc-dodoma","zanka-bahi.dc-dodoma"
"nkhome","nkhome","kigwe",0.422222222222222,"nkhome-bahi.dc-dodoma","kigwe-bahi.dc-dodoma"
"nkhwenda","nkhwenda","nondwa",0.280555555555556,"nkhwenda-bahi.dc-dodoma","nondwa-bahi.dc-dodoma"
"nkome","nkome","kigwe",0.4,"nkome-bahi.dc-dodoma","kigwe-bahi.dc-dodoma"
"nkuli","ikungu","ikungulyabashashi",0.215686274509804,"ikungu-bariadi.dc-simiyu","ikungulyabashashi-bariadi.dc-simiyu"
"nkung.ungu","nkung.ungu","lupatingatinga",0.447619047619048,"nkung.ungu-chunya.dc-mbeya","lupatingatinga-chunya.dc-mbeya"
"nkunguru","nkunguru","nkungulu",0.0833333333333334,"nkunguru-magu.dc-mwanza","nkungulu-magu.dc-mwanza"
"nkwavii","isangawana","sangambi",0.291666666666667,"isangawana-chunya.dc-mbeya","sangambi-chunya.dc-mbeya"
"nobola","nobola","kongolo",0.337301587301587,"nobola-magu.dc-mwanza","kongolo-magu.dc-mwanza"
"nonolwa","misasi","masasi",0.177777777777778,"misasi-misungwi.dc-mwanza","masasi-misungwi.dc-mwanza"
"ntalamila","intamila","laela",0.341666666666667,"intamila-sumbawanga.dc-rukwa","laela-sumbawanga.dc-rukwa"
"ntalamila","ivuna","sintali",0.323809523809524,"ivuna-nkasi.dc-rukwa","sintali-nkasi.dc-rukwa"
"ntaswa","mamba.b","mamba",0.0952380952380952,"mamba.b-mpimbwe.dc-katavi","mamba-mpimbwe.dc-katavi"
"ntatumbila","ntatumbila","sintali",0.328571428571429,"ntatumbila-nkasi.dc-rukwa","sintali-nkasi.dc-rukwa"
"ntuchi","ntuchi","sintali",0.357142857142857,"ntuchi-nkasi.dc-rukwa","sintali-nkasi.dc-rukwa"
"ntuchi","tuchi","mtenga",0.544444444444445,"tuchi-nkasi.dc-rukwa","mtenga-nkasi.dc-rukwa"
"ntuchi","tuchi","kipili",0.544444444444445,"tuchi-nkasi.dc-rukwa","kipili-nkasi.dc-rukwa"
"ntula","kashishi","kasansa",0.30952380952381,"kashishi-mpimbwe.dc-katavi","kasansa-mpimbwe.dc-katavi"
"ntungwa","mbao","mpapa",0.366666666666667,"mbao-momba.dc-songwe","mpapa-momba.dc-songwe"
"ntungwa","mkomba","kamsamba",0.347222222222222,"mkomba-momba.dc-songwe","kamsamba-momba.dc-songwe"
"ntungwa","mkuu","mkulwe",0.25,"mkuu-momba.dc-songwe","mkulwe-momba.dc-songwe"
"nyakiswa","nyakiswa","nyakatende",0.291666666666667,"nyakiswa-musoma.dc-mara","nyakatende-musoma.dc-mara"
"nyamatala","nyamatala","ilujamate",0.37037037037037,"nyamatala-misungwi.dc-mwanza","ilujamate-misungwi.dc-mwanza"
"nyambwe","nyambwe","mamba",0.323809523809524,"nyambwe-mpimbwe.dc-katavi","mamba-mpimbwe.dc-katavi"
"nyamikoma","nyamikoma","ngasamo",0.328042328042328,"nyamikoma-busega.dc-simiyu","ngasamo-busega.dc-simiyu"
"nyamswa","nyamuswa","nyangokolwa",0.306818181818182,"nyamuswa-bariadi.tc-simiyu","nyangokolwa-bariadi.tc-simiyu"
"nyashimo","kalemela","kisesa",0.375,"kalemela-magu.dc-mwanza","kisesa-magu.dc-mwanza"
"nyashimo","kalemela","sukuma",0.375,"kalemela-magu.dc-mwanza","sukuma-magu.dc-mwanza"
"nyashimo","kibinda","kabita",0.337301587301587,"kibinda-busega.dc-simiyu","kabita-busega.dc-simiyu"
"nyashimo","nyashimo","ngasamo",0.220238095238095,"nyashimo-busega.dc-simiyu","ngasamo-busega.dc-simiyu"
"nyatwali","nyatwali","nyamuswa",0.25,"nyatwali-bunda.dc-mara","nyamuswa-bunda.dc-mara"
"nyumbani.mnadani","mnadani","senani",0.253968253968254,"mnadani-maswa.dc-simiyu","senani-maswa.dc-simiyu"
"paramawe","paramawe","kabwe",0.341666666666667,"paramawe-nkasi.dc-rukwa","kabwe-nkasi.dc-rukwa"
"pugu","pugu","ruvu",0.333333333333333,"pugu-kibaha.dc-pwani","ruvu-kibaha.dc-pwani"
"rutubiga","rutubiga","lutubiga",0.0833333333333334,"rutubiga-busega.dc-simiyu","lutubiga-busega.dc-simiyu"
"sagamaganga","signal","ifakara",0.46031746031746,"signal-ifakara.tc-morogoro","ifakara-ifakara.tc-morogoro"
"sagamaganga","signali","kibaoni",0.369047619047619,"signali-ifakara.tc-morogoro","kibaoni-ifakara.tc-morogoro"
"sagamaganga.nyumbani","signal","ifakara",0.46031746031746,"signal-ifakara.tc-morogoro","ifakara-ifakara.tc-morogoro"
"saja","tanga","kisangasa",0.251851851851852,"tanga-kilindi.dc-tanga","kisangasa-kilindi.dc-tanga"
"salama","haya","malya",0.216666666666667,"haya-kwimba.dc-mwanza","malya-kwimba.dc-mwanza"
"salama","nhaya","ng.haya",0.0952380952380952,"nhaya-magu.dc-mwanza","ng.haya-magu.dc-mwanza"
"salulu","signali","kibaoni",0.369047619047619,"signali-ifakara.tc-morogoro","kibaoni-ifakara.tc-morogoro"
"sanga","sanga","shigala",0.323809523809524,"sanga-busega.dc-simiyu","shigala-busega.dc-simiyu"
"sante","mkomba","kamsamba",0.347222222222222,"mkomba-momba.dc-songwe","kamsamba-momba.dc-songwe"
"sapiwi.na.igegu","sapiwi.na.igegu","sapiwi",0.2,"sapiwi.na.igegu-bariadi.dc-simiyu","sapiwi-bariadi.dc-simiyu"
"senjera","mkururu","mkululu",0.19047619047619,"mkururu-masasi.dc-mtwara","mkululu-masasi.dc-mtwara"
"sentaunyenya","madiru","majimoto",0.375,"madiru-mpimbwe.dc-katavi","majimoto-mpimbwe.dc-katavi"
"serengeti","nyatwali","nyasura",0.30952380952381,"nyatwali-bunda.tc-mara","nyasura-bunda.tc-mara"
"shilanona","wala","walla",0.0666666666666668,"wala-kwimba.dc-mwanza","walla-kwimba.dc-mwanza"
"shinyanga.mwenge","shinyanga.mwenge","isanga",0.319444444444445,"shinyanga.mwenge-maswa.dc-simiyu","isanga-maswa.dc-simiyu"
"signal.kipingo","signal","ifakara",0.46031746031746,"signal-ifakara.tc-morogoro","ifakara-ifakara.tc-morogoro"
"simike","utenguleusangu","utengule.usangu",0.0222222222222221,"utenguleusangu-mbarali.dc-mbeya","utengule.usangu-mbarali.dc-mbeya"
"skonge","skonge","sikonge",0.0476190476190477,"skonge-sikonge.dc-tabora","sikonge-sikonge.dc-tabora"
"songambele","kamsisi","nsenkwa",0.571428571428572,"kamsisi-mlele.dc-katavi","nsenkwa-mlele.dc-katavi"
"songea","songea","tanga",0.3,"songea-songea.mc-ruvuma","tanga-songea.mc-ruvuma"
"songwe","imalilasongwe","imalilosongwe",0.0790598290598291,"imalilasongwe-mbarali.dc-mbeya","imalilosongwe-mbarali.dc-mbeya"
"songwe","ukululu","iyula",0.438095238095238,"ukululu-mbozi.dc-songwe","iyula-mbozi.dc-songwe"
"sulu","mbalagane","masela",0.296296296296296,"mbalagane-maswa.dc-simiyu","masela-maswa.dc-simiyu"
"sulu","mbalagane","malampaka",0.296296296296296,"mbalagane-maswa.dc-simiyu","malampaka-maswa.dc-simiyu"
"sulu","mbalagani","masela",0.296296296296296,"mbalagani-maswa.dc-simiyu","masela-maswa.dc-simiyu"
"sulu","mbalagani","malampaka",0.296296296296296,"mbalagani-maswa.dc-simiyu","malampaka-maswa.dc-simiyu"
"sulu","mbaragane","mwamanenge",0.327777777777778,"mbaragane-maswa.dc-simiyu","mwamanenge-maswa.dc-simiyu"
"sululu","signal","ifakara",0.46031746031746,"signal-ifakara.tc-morogoro","ifakara-ifakara.tc-morogoro"
"sulumbu","misasi","masasi",0.177777777777778,"misasi-misungwi.dc-mwanza","masasi-misungwi.dc-mwanza"
"sumaha","sumaha","sumve",0.3,"sumaha-kwimba.dc-mwanza","sumve-kwimba.dc-mwanza"
"sumaha","sumaha","malya",0.3,"sumaha-kwimba.dc-mwanza","malya-kwimba.dc-mwanza"
"sumaha","wala","walla",0.0666666666666668,"wala-kwimba.dc-mwanza","walla-kwimba.dc-mwanza"
"sumbawanga","sumbawanga.fisi","old.sumbawanga",0.206349206349206,"sumbawanga.fisi-sumbawanga.mc-rukwa","old.sumbawanga-sumbawanga.mc-rukwa"
"sumbulu","misasi","masasi",0.177777777777778,"misasi-misungwi.dc-mwanza","masasi-misungwi.dc-mwanza"
"sunsula","sunsula","ikungulyabashashi",0.330532212885154,"sunsula-bariadi.dc-simiyu","ikungulyabashashi-bariadi.dc-simiyu"
"tabora","tabora","tambukareli",0.304040404040404,"tabora-tabora.mc-tabora","tambukareli-tabora.mc-tabora"
"tanga","ngoheranga.tanga","ngoheranga",0.125,"ngoheranga.tanga-malinyi.dc-morogoro","ngoheranga-malinyi.dc-morogoro"
"tanga","tanga","usangule",0.341666666666667,"tanga-malinyi.dc-morogoro","usangule-malinyi.dc-morogoro"
"tanga.kilwa","zinga","tingi",0.266666666666667,"zinga-kilwa.dc-lindi","tingi-kilwa.dc-lindi"
"tatumbila","tatumbila","mkwamba",0.328042328042328,"tatumbila-nkasi.dc-rukwa","mkwamba-nkasi.dc-rukwa"
"tegeta","tegeta","tandale",0.46031746031746,"tegeta-kinondoni.mc-dar.es.salaam","tandale-kinondoni.mc-dar.es.salaam"
"tulindane","tulindane","mnyambe",0.412698412698413,"tulindane-newala.dc-mtwara","mnyambe-newala.dc-mtwara"
"tuliza.moyo","milola","ilonga",0.222222222222222,"milola-ulanga.dc-morogoro","ilonga-ulanga.dc-morogoro"
"tulizamoyo.igumbiro","milola","ilonga",0.222222222222222,"milola-ulanga.dc-morogoro","ilonga-ulanga.dc-morogoro"
"tunduma","mwaka","mpapa",0.266666666666667,"mwaka-momba.dc-songwe","mpapa-momba.dc-songwe"
"tunduma","sogea","saza",0.366666666666667,"sogea-songwe.dc-songwe","saza-songwe.dc-songwe"
"tunduma","tunduma","ivuna",0.323809523809524,"tunduma-momba.dc-songwe","ivuna-momba.dc-songwe"
"tunduru","tunduru","mindu",0.323809523809524,"tunduru-tunduru.dc-ruvuma","mindu-tunduru.dc-ruvuma"
"tupendane","tulindane","mnyambe",0.412698412698413,"tulindane-newala.dc-mtwara","mnyambe-newala.dc-mtwara"
"turiani","turiani","kibati",0.357142857142857,"turiani-mvomero.dc-morogoro","kibati-mvomero.dc-morogoro"
"turiani","turiani","mtibwa",0.357142857142857,"turiani-mvomero.dc-morogoro","mtibwa-mvomero.dc-morogoro"
"udimaa","kintinku","mwitikira",0.351851851851852,"kintinku-bahi.dc-dodoma","mwitikira-bahi.dc-dodoma"
"ugoda","lugoda","idunda",0.333333333333333,"lugoda-mufindi.dc-iringa","idunda-mufindi.dc-iringa"
"uhambule","utenguleusangu","utengule.usangu",0.0222222222222221,"utenguleusangu-mbarali.dc-mbeya","utengule.usangu-mbarali.dc-mbeya"
"uhenga","uhenga","luduga",0.333333333333333,"uhenga-wanging.ombe.dc-njombe","luduga-wanging.ombe.dc-njombe"
"uingo","kabale","mamaye",0.333333333333333,"kabale-misungwi.dc-mwanza","mamaye-misungwi.dc-mwanza"
"ukombozi","nkung.ungu","lupatingatinga",0.447619047619048,"nkung.ungu-chunya.dc-mbeya","lupatingatinga-chunya.dc-mbeya"
"ukwangu","upendo","matundasi",0.388888888888889,"upendo-chunya.dc-mbeya","matundasi-chunya.dc-mbeya"
"ukwega","ilolompya","ilolo.mpya",0.0333333333333334,"ilolompya-iringa.dc-iringa","ilolo.mpya-iringa.dc-iringa"
"ululu","idiwili","isandula",0.398809523809524,"idiwili-mbozi.dc-songwe","isandula-mbozi.dc-songwe"
"ulwilaulwila","ulwilaulwila","urwira",0.333333333333333,"ulwilaulwila-nsimbo.dc-katavi","urwira-nsimbo.dc-katavi"
"unone","rudewa.gongoni","rudewa",0.19047619047619,"rudewa.gongoni-kilosa.dc-morogoro","rudewa-kilosa.dc-morogoro"
"upanga","silabu","sindano",0.357142857142857,"silabu-masasi.dc-mtwara","sindano-masasi.dc-mtwara"
"upendo","upendo","matundasi",0.388888888888889,"upendo-chunya.dc-mbeya","matundasi-chunya.dc-mbeya"
"uponera.ibuyu","uponera","minepa",0.357142857142857,"uponera-ulanga.dc-morogoro","minepa-ulanga.dc-morogoro"
"uponera.ibuyu","uponera","lupiro",0.357142857142857,"uponera-ulanga.dc-morogoro","lupiro-ulanga.dc-morogoro"
"uponera.ibuyu","uponera","ilonga",0.357142857142857,"uponera-ulanga.dc-morogoro","ilonga-ulanga.dc-morogoro"
"urulu","idiwili","isandula",0.398809523809524,"idiwili-mbozi.dc-songwe","isandula-mbozi.dc-songwe"
"urunda","imalilo","imalilosongwe",0.153846153846154,"imalilo-mbarali.dc-mbeya","imalilosongwe-mbarali.dc-mbeya"
"ushirika","mahango","mahongole",0.242063492063492,"mahango-mbarali.dc-mbeya","mahongole-mbarali.dc-mbeya"
"utenguleusangu","utenguleusangu","utengule.usangu",0.0222222222222221,"utenguleusangu-mbarali.dc-mbeya","utengule.usangu-mbarali.dc-mbeya"
"uwanja.fisi","napupa","nanjota",0.357142857142857,"napupa-masasi.dc-mtwara","nanjota-masasi.dc-mtwara"
"uwanja.fisi","napupa","mnavira",0.357142857142857,"napupa-masasi.dc-mtwara","mnavira-masasi.dc-mtwara"
"uwanja.wa.fisi","napupa","nanjota",0.357142857142857,"napupa-masasi.dc-mtwara","nanjota-masasi.dc-mtwara"
"uwanja.wa.fisi","napupa","mnavira",0.357142857142857,"napupa-masasi.dc-mtwara","mnavira-masasi.dc-mtwara"
"uwanja.wa.fisi","wapiwapi","mnavira",0.398809523809524,"wapiwapi-masasi.dc-mtwara","mnavira-masasi.dc-mtwara"
"viwanja.sitini","viwanja.sitini","kibaoni",0.380952380952381,"viwanja.sitini-ifakara.tc-morogoro","kibaoni-ifakara.tc-morogoro"
"viwanjasitini.nyumbani","viwanjasitini","kibaoni",0.373626373626374,"viwanjasitini-ifakara.tc-morogoro","kibaoni-ifakara.tc-morogoro"
"wala","suma","sumve",0.216666666666667,"suma-kwimba.dc-mwanza","sumve-kwimba.dc-mwanza"
"wala","sumaha","sumve",0.3,"sumaha-kwimba.dc-mwanza","sumve-kwimba.dc-mwanza"
"wala","sumaha","malya",0.3,"sumaha-kwimba.dc-mwanza","malya-kwimba.dc-mwanza"
"wala","wala","walla",0.0666666666666668,"wala-kwimba.dc-mwanza","walla-kwimba.dc-mwanza"
"wami.sokoine","dakawa","maskati",0.357142857142857,"dakawa-mvomero.dc-morogoro","maskati-mvomero.dc-morogoro"
"wapiwapi","napupa","nanjota",0.357142857142857,"napupa-masasi.dc-mtwara","nanjota-masasi.dc-mtwara"
"wapiwapi","napupa","mnavira",0.357142857142857,"napupa-masasi.dc-mtwara","mnavira-masasi.dc-mtwara"
"wapiwapi","silabu","sindano",0.357142857142857,"silabu-masasi.dc-mtwara","sindano-masasi.dc-mtwara"
"zanzui","zakayu","zagayu",0.111111111111111,"zakayu-itilima.dc-simiyu","zagayu-itilima.dc-simiyu"
"zinga.kibaoni","zinga","tingi",0.266666666666667,"zinga-kilwa.dc-lindi","tingi-kilwa.dc-lindi"
"zingakibaoni","zingakibaoni","tingi",0.288888888888889,"zingakibaoni-kilwa.dc-lindi","tingi-kilwa.dc-lindi"
