"Survey ID (UUID)","Origin ID: formhub or aggregate","fid","Unique Row Identifier (UUID)"
"6e8c039e-ca6f-42f6-94b5-d3fc6848ac16","FORMHUB-JSON","975378","f77d22bb-beed-11eb-8cbd-5cb901ddeae0"
"74c92c9c-61e6-41cc-927f-3022321b6974","FORMHUB-JSON","975388","f77f2c57-beed-11eb-8cbd-5cb901ddeae0"
"77d1d968-060d-41c4-b5b8-84b389f74e91","FORMHUB-JSON","975395","f78185e6-beed-11eb-8cbd-5cb901ddeae0"
"6937ff67-bad4-47bc-a92b-8c4fd975835c","FORMHUB-JSON","975397","f77b2542-beed-11eb-8cbd-5cb901ddeae0"
"0060020e-bbed-40c8-871b-9775a5f43fb3","FORMHUB-JSON","975403","f745b58d-beed-11eb-8cbd-5cb901ddeae0"
"e4003e7d-fd94-4dd7-b4b1-e18b6c8bb986","FORMHUB-JSON","975409","f7b08447-beed-11eb-8cbd-5cb901ddeae0"
"387955cd-2334-4ff4-930b-6359e4012530","FORMHUB-JSON","975417","f75e864a-beed-11eb-8cbd-5cb901ddeae0"
"f1764e09-c41b-4c02-b620-a18e068d0736","FORMHUB-JSON","975423","f7c050e8-beed-11eb-8cbd-5cb901ddeae0"
"edc8e90f-89e3-4dac-8714-3255c3c4ef95","FORMHUB-JSON","975677","f7be4a2e-beed-11eb-8cbd-5cb901ddeae0"
"452a9f90-d4cf-4ba7-9127-205e55e3cdf2","FORMHUB-JSON","975685","f762d74d-beed-11eb-8cbd-5cb901ddeae0"
"f5b8e30b-5083-4071-a017-d9aa86e6b624","FORMHUB-JSON","975691","f7c68fb0-beed-11eb-8cbd-5cb901ddeae0"
"033a118d-4701-43e1-b830-ad89211b2c3c","FORMHUB-JSON","975697","f747b650-beed-11eb-8cbd-5cb901ddeae0"
"0aca870f-0007-4ae8-8a59-3a5ac398dade","FORMHUB-JSON","976806","f74a24c2-beed-11eb-8cbd-5cb901ddeae0"
"fc236698-14b9-4621-8696-cb90a675929a","FORMHUB-JSON","977119","f7cc170b-beed-11eb-8cbd-5cb901ddeae0"
"e0496ccc-093a-4c97-98e6-98eefc232a78","FORMHUB-JSON","977133","f7aba1bd-beed-11eb-8cbd-5cb901ddeae0"
"f895c111-023f-429b-b40a-83e29ca72990","FORMHUB-JSON","977207","f7c96fa3-beed-11eb-8cbd-5cb901ddeae0"
"6170e6a2-1aac-41ce-a033-caa5d825eab9","FORMHUB-JSON","977402","f773e3e7-beed-11eb-8cbd-5cb901ddeae0"
"f56506af-231b-4afe-a626-2552ac92a2ab","FORMHUB-JSON","977408","f7c48083-beed-11eb-8cbd-5cb901ddeae0"
"e051e87f-ef5c-4072-af1a-57c5740aa780","FORMHUB-JSON","977416","f7ada944-beed-11eb-8cbd-5cb901ddeae0"
"12247615-bcff-4fd5-b3e8-e7a42f86abaa","FORMHUB-JSON","977422","f74c1cf0-beed-11eb-8cbd-5cb901ddeae0"
"b7e898a9-88c7-40f8-9fd9-cb6d55b4e98b","FORMHUB-JSON","977654","f7a2a9d5-beed-11eb-8cbd-5cb901ddeae0"
"782bc27c-63ff-4b76-a845-3edd702522e4","FORMHUB-JSON","977662","f786aea9-beed-11eb-8cbd-5cb901ddeae0"
"a6bb531a-aef4-4293-a37f-c54a8e0c8e78","FORMHUB-JSON","977668","f7986df3-beed-11eb-8cbd-5cb901ddeae0"
"ea0fe35e-c183-4bcf-9a16-1965620d733f","FORMHUB-JSON","977674","f7b7ba7c-beed-11eb-8cbd-5cb901ddeae0"
"af119418-fca1-4857-8ab0-f95e45f43d45","FORMHUB-JSON","977686","f7a02536-beed-11eb-8cbd-5cb901ddeae0"
"27631109-3636-4ad6-9ec1-b4a21210b74b","FORMHUB-JSON","977694","f754816d-beed-11eb-8cbd-5cb901ddeae0"
"2e70e16b-443a-42a4-9c69-878ea347c08f","FORMHUB-JSON","977702","f75bc31b-beed-11eb-8cbd-5cb901ddeae0"
"7aac4950-e9f1-493f-8e73-c58b2e20c03a","FORMHUB-JSON","977709","f78b4120-beed-11eb-8cbd-5cb901ddeae0"
"528c4f15-b27a-4884-95a5-4f8181214774","FORMHUB-JSON","977980","f76aa56f-beed-11eb-8cbd-5cb901ddeae0"
"f3c9765e-17d1-41f8-8468-44a1235313b2","FORMHUB-JSON","977986","f7c273c4-beed-11eb-8cbd-5cb901ddeae0"
"5a07fd92-57c0-45a6-abf3-0ce6a7a13d36","FORMHUB-JSON","977992","f76f1196-beed-11eb-8cbd-5cb901ddeae0"
"2c686a95-044d-4ccc-a8b0-dd6fc4a844d6","FORMHUB-JSON","978001","f7592be8-beed-11eb-8cbd-5cb901ddeae0"
"e71c9327-2fa2-4c70-9008-567db7cb45e6","FORMHUB-JSON","980554","f7b2a398-beed-11eb-8cbd-5cb901ddeae0"
"4d804c82-77d0-487e-a58f-72523cb8f2d8","FORMHUB-JSON","985949","f765401e-beed-11eb-8cbd-5cb901ddeae0"
"1b74eb4d-9963-4b08-a883-7805b1fec0b4","FORMHUB-JSON","992915","f751e19b-beed-11eb-8cbd-5cb901ddeae0"
"d384f601-d505-46ad-b37a-014f92b3d729","FORMHUB-JSON","996228","f7a994fe-beed-11eb-8cbd-5cb901ddeae0"
"c4c56f57-a723-4aa2-b776-6c8d99dd8413","FORMHUB-JSON","998416","f7a6c675-beed-11eb-8cbd-5cb901ddeae0"
"ecb6a7fa-261c-46a0-a375-43dd0ef94164","FORMHUB-JSON","998677","f7bc3e5b-beed-11eb-8cbd-5cb901ddeae0"
"576ede38-0eef-4d0a-b0c5-79e4910e0e79","FORMHUB-JSON","998682","f76d1039-beed-11eb-8cbd-5cb901ddeae0"
"ad1901e9-978a-42c2-ba23-692bbda5e591","FORMHUB-JSON","999403","f79e2839-beed-11eb-8cbd-5cb901ddeae0"
"4ea90d07-96a7-43ee-b279-a4da315b1465","FORMHUB-JSON","999443","f768056d-beed-11eb-8cbd-5cb901ddeae0"
"b82b3581-3bb7-4dc0-a37e-d6d30b18bf9a","FORMHUB-JSON","1000112","f7a4b7e8-beed-11eb-8cbd-5cb901ddeae0"
"a63a91ca-9aa1-445c-ab87-79bb85064ca5","FORMHUB-JSON","1000422","f7967215-beed-11eb-8cbd-5cb901ddeae0"
"003b322b-8c45-4690-b3c8-c979803f8105","FORMHUB-JSON","1000439","f7432ab8-beed-11eb-8cbd-5cb901ddeae0"
"5dd283a7-db68-4a8a-bb6a-9a088bcce0fb","FORMHUB-JSON","1000440","f7716688-beed-11eb-8cbd-5cb901ddeae0"
"293c872e-d9c9-4f53-8beb-b428198f452a","FORMHUB-JSON","1000511","f7570fb7-beed-11eb-8cbd-5cb901ddeae0"
"e9dc1795-e288-43e9-b99a-066203e3dc2d","FORMHUB-JSON","1000549","f7b4bddb-beed-11eb-8cbd-5cb901ddeae0"
"99d2d73f-d537-49e8-b4d3-dec58430c599","FORMHUB-JSON","1000635","f7919c11-beed-11eb-8cbd-5cb901ddeae0"
"ec979848-ee39-41c5-8423-405eb8ad500e","FORMHUB-JSON","1000646","f7ba423f-beed-11eb-8cbd-5cb901ddeae0"
"9948f2db-66fc-4718-8a02-2556f2d65d0c","FORMHUB-JSON","1003624","f78f71e8-beed-11eb-8cbd-5cb901ddeae0"
"63c665bc-df09-40b6-9067-24197bbee813","FORMHUB-JSON","1007772","f7767887-beed-11eb-8cbd-5cb901ddeae0"
"a27ee973-dff3-4687-86e3-69ebe576ee81","FORMHUB-JSON","1007838","f793ab7a-beed-11eb-8cbd-5cb901ddeae0"
"7a4d7d9d-6db6-452b-b222-a302ddb0b3ff","FORMHUB-JSON","1007862","f788d5a5-beed-11eb-8cbd-5cb901ddeae0"
"1ad4c428-866d-4a38-92f4-76756201c9e7","FORMHUB-JSON","1007876","f74f3a3d-beed-11eb-8cbd-5cb901ddeae0"
"a9d1a833-8eb7-46a7-8af9-34c61a3a5ebb","FORMHUB-JSON","1007886","f79b2b59-beed-11eb-8cbd-5cb901ddeae0"
"400bfd25-7b07-4122-9083-4defdfb56f3a","FORMHUB-JSON","1007990","f7607c5c-beed-11eb-8cbd-5cb901ddeae0"
"91c2b88c-6723-4b22-b486-6ce8e0e9d7de","FORMHUB-JSON","1008007","f78d5aea-beed-11eb-8cbd-5cb901ddeae0"
"647b5f2f-51c5-4b23-8faa-6ce5789cc803","FORMHUB-JSON","1008016","f7791597-beed-11eb-8cbd-5cb901ddeae0"
"780d210e-d322-449e-98f7-22b183ce006f","FORMHUB-JSON","1008023","f78385b6-beed-11eb-8cbd-5cb901ddeae0"
"d2d29ceb-2e92-432b-95e8-512948f34bfb","FORMHUB-JSON","1010874","39772422-c253-11eb-8cbd-5cb901ddeae0"
"51a3bc08-cc0f-49b9-b06b-1cd9960d8a1b","FORMHUB-JSON","1010875","3901109d-c253-11eb-8cbd-5cb901ddeae0"
"b0019852-9000-4260-a8d9-ac99fccd6478","FORMHUB-JSON","1010876","39660ea0-c253-11eb-8cbd-5cb901ddeae0"
"986cdaa5-c0ae-4670-856e-0f1f12a897e8","FORMHUB-JSON","1011030","6173fd17-c31c-11eb-8cbd-5cb901ddeae0"
"106bc39e-70c5-45aa-a7f9-96b49310a473","FORMHUB-JSON","1011037","60ff8226-c31c-11eb-8cbd-5cb901ddeae0"
"ef6ea5e7-6af6-4360-a435-f7e95e6ca242","FORMHUB-JSON","1011179","61e14c8b-c31c-11eb-8cbd-5cb901ddeae0"
"792306b4-f5e4-4412-8f97-84bf9383e015","FORMHUB-JSON","1011181","615f2c39-c31c-11eb-8cbd-5cb901ddeae0"
"0f31182c-943d-4c19-ad37-982e06ae6a1d","FORMHUB-JSON","1016330","b0782788-d2d3-11eb-9de1-9440c9ab47f0"
"fa2a14a9-e77b-4442-9e0a-45065b15dc3c","FORMHUB-JSON","1020174","04b7760d-d91d-11eb-9de1-9440c9ab47f0"
"460873be-2d37-4b25-b75b-5024364de555","FORMHUB-JSON","1020185","04154e83-d91d-11eb-9de1-9440c9ab47f0"
"06a24fe4-548f-4468-84f0-f5926265ff95","FORMHUB-JSON","1020223","03ebb94a-d91d-11eb-9de1-9440c9ab47f0"
"e4ff6fb5-43be-4763-845e-a69bf41aff55","FORMHUB-JSON","1070343","e7826c91-3c1f-11ec-ab28-9440c9ab47f0"
"e707eb0d-c1ce-4c79-ac44-cfcd393faab9","FORMHUB-JSON","1070346","e786dcb2-3c1f-11ec-ab28-9440c9ab47f0"
"7534b674-a054-4f9a-8976-40802bbf0ef7","FORMHUB-JSON","1144620","62b2741f-dc08-11ec-9416-9440c9ab47f0"
"8a3eed36-0ece-45aa-829e-7414db878a91","FORMHUB-JSON","1145144","62d204ad-dc08-11ec-9416-9440c9ab47f0"
"9ea363e3-6036-420b-b7ae-a0f65df87821","FORMHUB-JSON","1145633","357a4f8c-dc0e-11ec-9416-9440c9ab47f0"
"12cb811c-4301-436e-abc2-bcd54f8a5342","FORMHUB-JSON","1146642","35177145-dc0e-11ec-9416-9440c9ab47f0"
"971d5d8f-d8c4-4ca3-9ea1-35fec8a56b01","FORMHUB-JSON","1147457","357155c4-dc0e-11ec-9416-9440c9ab47f0"
"7849c71b-af15-44ed-9b46-647315f55d22","FORMHUB-JSON","1147538","355ff095-dc0e-11ec-9416-9440c9ab47f0"
"c21f9ae1-c9d8-419f-bb18-489fa2f27342","FORMHUB-JSON","1148683","359685e5-dc0e-11ec-9416-9440c9ab47f0"
"243e4298-c664-424b-b2fd-06a168a93f49","FORMHUB-JSON","1148872","3521a4b2-dc0e-11ec-9416-9440c9ab47f0"
"19ef982c-a947-4b46-a6ac-0b8276017689","FORMHUB-JSON","1150217","90052690-dc14-11ec-9416-9440c9ab47f0"
"8405dcfb-c273-4ea1-a91e-c7a77a929674","FORMHUB-JSON","1150502","62c9a0e6-dc08-11ec-9416-9440c9ab47f0"
"6b069fc1-214c-41d9-8e65-0d2cc371dc5f","FORMHUB-JSON","1150714","62aa14b1-dc08-11ec-9416-9440c9ab47f0"
"893eb090-c923-41a7-9770-2d69471a2e20","FORMHUB-JSON","1151625","356b0383-dc0e-11ec-9416-9440c9ab47f0"
"a67f848e-4ae1-43b3-8644-5f57f0fec739","FORMHUB-JSON","1151679","62ec231a-dc08-11ec-9416-9440c9ab47f0"
"fc349299-4fbb-4363-b03a-716814178a4f","FORMHUB-JSON","1151697","633e1f14-dc08-11ec-9416-9440c9ab47f0"
"5fa0ced8-83bc-45df-9e11-fd3c12cf0b30","FORMHUB-JSON","1151760","9033d9e5-dc14-11ec-9416-9440c9ab47f0"
"a50fcdc5-5fe3-4e59-b571-4b6caceb76e8","FORMHUB-JSON","1152531","62e590d3-dc08-11ec-9416-9440c9ab47f0"
"b1045300-deb5-4a83-8865-070a59f285c2","FORMHUB-JSON","1152551","62feddce-dc08-11ec-9416-9440c9ab47f0"
"e227e5e2-73bb-4016-af60-af91c1f9d16a","FORMHUB-JSON","1153236","b4f7dc9f-dc6d-11ec-9416-9440c9ab47f0"
"f31787d4-a64a-432a-a8b1-11b14df21299","FORMHUB-JSON","1153348","b5210508-dc6d-11ec-9416-9440c9ab47f0"
"b849620d-b90a-4b97-b4ac-aae8524f6aca","FORMHUB-JSON","1153374","b4dde418-dc6d-11ec-9416-9440c9ab47f0"
"e35d17ba-c48d-4d90-81a6-68b63e1577fd","FORMHUB-JSON","1153641","df1283f2-dd36-11ec-9416-9440c9ab47f0"
"dfa6681b-ec3a-466b-ad09-26067c8f3f36","FORMHUB-JSON","1153725","df03ddef-dd36-11ec-9416-9440c9ab47f0"
"7f95345a-1ebf-4658-b64b-1402b1d7b7f5","FORMHUB-JSON","1153821","dea0b724-dd36-11ec-9416-9440c9ab47f0"
"648d3e41-e725-4da0-8624-526ec9ffa97a","FORMHUB-JSON","1153928","de6f3163-dd36-11ec-9416-9440c9ab47f0"
"6e1126cd-464f-4ceb-9b7d-dcc95e568a37","FORMHUB-JSON","1154278","0958d7b0-de00-11ec-9416-9440c9ab47f0"
"38e0ea1a-1fc5-45a2-a95e-b51c171ae011","FORMHUB-JSON","1154305","091a243c-de00-11ec-9416-9440c9ab47f0"
"17500e8e-b186-453b-bba3-403e226b0953","FORMHUB-JSON","1154371","08f24149-de00-11ec-9416-9440c9ab47f0"
"c951b9e8-a56e-446a-bc49-c47d44b66955","FORMHUB-JSON","1154779","35270a5c-dec9-11ec-9416-9440c9ab47f0"
"b699c871-7a0f-437f-bc2a-7f973e4d0d7c","FORMHUB-JSON","1154855","350f7cec-dec9-11ec-9416-9440c9ab47f0"
"ef36c829-a1a9-48a5-a99d-d1b0112dfde9","FORMHUB-JSON","1155178","5ff4c1e8-df92-11ec-9416-9440c9ab47f0"
"979a8a9b-a9c0-4f24-bd64-b79d7ca1da99","FORMHUB-JSON","1155333","5f6b1e34-df92-11ec-9416-9440c9ab47f0"
"51a4c5fc-6632-450d-8dbe-74a0f70805af","FORMHUB-JSON","1155685","8378d1ac-e05b-11ec-9416-9440c9ab47f0"
"9b144128-3785-4aa6-bde6-14fd82e1b73d","FORMHUB-JSON","1155720","83c370f2-e05b-11ec-9416-9440c9ab47f0"
"6dc2c112-3fd0-4e0d-af26-867e42d19126","FORMHUB-JSON","1155744","83958c1a-e05b-11ec-9416-9440c9ab47f0"
"3a385062-ef93-489a-a594-960a2c218cce","FORMHUB-JSON","1155784","836a7d8d-e05b-11ec-9416-9440c9ab47f0"
"5b60f17a-5491-4a3d-9a9c-61f690fad6cc","FORMHUB-JSON","1155789","838263e5-e05b-11ec-9416-9440c9ab47f0"
"d226d465-81c8-4aef-aa80-9fb6757e841f","FORMHUB-JSON","1156284","83e851b4-e05b-11ec-9416-9440c9ab47f0"
"9125bea2-a032-44e8-b10c-eef327e7efd9","FORMHUB-JSON","1156398","b3804207-e124-11ec-9416-9440c9ab47f0"
"a1c2f37b-0c9d-42d8-81a3-d09a313bcdec","FORMHUB-JSON","1156579","b3a37a52-e124-11ec-9416-9440c9ab47f0"
"7adf21bd-5f82-40db-abff-9da550e173cc","FORMHUB-JSON","1156595","b36acc95-e124-11ec-9416-9440c9ab47f0"
"0e01bc32-0b0c-4c91-84c9-dd47b52c3d58","FORMHUB-JSON","1156645","b2b2f1fa-e124-11ec-9416-9440c9ab47f0"
"6429ae41-91fe-46db-8939-95ec974a2f96","FORMHUB-JSON","1156805","dd688ecf-e1ed-11ec-9416-9440c9ab47f0"
"c0926ddd-5549-42bd-b006-a615de58eb46","FORMHUB-JSON","1156808","de2f6cfe-e1ed-11ec-9416-9440c9ab47f0"
"f071c775-f83a-4deb-9d83-b8507e32bf71","FORMHUB-JSON","1156843","de81b08f-e1ed-11ec-9416-9440c9ab47f0"
"b27997df-0ae2-49ff-b840-e4c4d98c5d2d","FORMHUB-JSON","1156862","de1f9068-e1ed-11ec-9416-9440c9ab47f0"
"83c107b6-fb30-40cd-8dab-b69178ac4c35","FORMHUB-JSON","1157047","e52bc794-eb5b-11ec-9416-9440c9ab47f0"
"f1acc2ed-5561-4488-bcda-167b16b9b124","FORMHUB-JSON","1157181","0a90d454-e2b7-11ec-9416-9440c9ab47f0"
"0fb24e96-84ad-47fe-9c87-25849686f8c0","FORMHUB-JSON","1157407","0902d793-e2b7-11ec-9416-9440c9ab47f0"
"1d3ae1ed-b1af-4e41-9adb-f7131b9d17ee","FORMHUB-JSON","1157528","09206717-e2b7-11ec-9416-9440c9ab47f0"
"19508bb6-bb06-46f3-9917-9cad7eeafcde","FORMHUB-JSON","1157688","32fbf648-e380-11ec-9416-9440c9ab47f0"
"8112163f-4812-4738-940b-cbfb5209b7d5","FORMHUB-JSON","1157709","33ac9cdf-e380-11ec-9416-9440c9ab47f0"
"9df5b1a9-78f3-43a8-be16-c0eea9e645e0","FORMHUB-JSON","1157717","33ee3fd2-e380-11ec-9416-9440c9ab47f0"
"7cfd3308-854f-4b10-b9fd-1a8e194f7496","FORMHUB-JSON","1157723","33a55080-e380-11ec-9416-9440c9ab47f0"
"90cefd27-7958-4d2d-97e6-cb909b33878e","FORMHUB-JSON","1157971","e549833f-eb5b-11ec-9416-9440c9ab47f0"
"61eb3fe3-4fd6-44e5-a553-5564484c2df6","FORMHUB-JSON","1157988","e4e9808e-eb5b-11ec-9416-9440c9ab47f0"
"d3ab57da-e101-49cc-918e-583610b5174c","FORMHUB-JSON","1158095","5f25fbbb-e449-11ec-9416-9440c9ab47f0"
"d4c46d67-7946-4eca-9cf1-454ebaa0fab6","FORMHUB-JSON","1158214","5f29fad6-e449-11ec-9416-9440c9ab47f0"
"8c81275b-c5de-417f-80c3-60d78266a945","FORMHUB-JSON","1158309","5ead0f81-e449-11ec-9416-9440c9ab47f0"
"e78b9ffc-57b4-4852-b5d2-2be774ef16af","FORMHUB-JSON","1158601","891ff6e3-e512-11ec-9416-9440c9ab47f0"
"65d7ea0f-8779-4c67-9fba-dd4b4f3a3718","FORMHUB-JSON","1158918","880ebd84-e512-11ec-9416-9440c9ab47f0"
"05116617-b44e-422f-bb11-1105b249a455","FORMHUB-JSON","1159033","b1991d55-e5db-11ec-9416-9440c9ab47f0"
"3cc3002e-e6f8-496f-8335-e85c439429ea","FORMHUB-JSON","1159231","b1e9f71f-e5db-11ec-9416-9440c9ab47f0"
"491e2a19-43af-438a-9f25-b111be777782","FORMHUB-JSON","1159261","b1f5d54a-e5db-11ec-9416-9440c9ab47f0"
"ce2caa5a-f4ef-454b-b449-619899f0d547","FORMHUB-JSON","1159273","b301022d-e5db-11ec-9416-9440c9ab47f0"
"0c023628-10d3-4af3-b8a2-90a7539d10d1","FORMHUB-JSON","1159302","b1a47723-e5db-11ec-9416-9440c9ab47f0"
"f28f3fd1-bb60-4133-93a7-0dde6905f8ee","FORMHUB-JSON","1159817","df27d05f-e6a4-11ec-9416-9440c9ab47f0"
"aaea7ba7-2c6a-49ee-b126-7e0fe605dbe8","FORMHUB-JSON","1159942","de91f8d7-e6a4-11ec-9416-9440c9ab47f0"
"9d38202a-d529-40f4-83fe-36474cce27ce","FORMHUB-JSON","1160013","06ab3c7a-e76e-11ec-9416-9440c9ab47f0"
"18858347-e6c3-45e5-8737-3f0bb468f114","FORMHUB-JSON","1160177","0595648f-e76e-11ec-9416-9440c9ab47f0"
"af2aee18-cd6d-4e80-a83b-e0f082944d19","FORMHUB-JSON","1160263","06daf173-e76e-11ec-9416-9440c9ab47f0"
"a12643a1-77dc-4ffd-a3e2-ba3e13a9f56e","FORMHUB-JSON","1160424","33d0369c-e837-11ec-9416-9440c9ab47f0"
"33731e0d-c4d2-436b-8f10-29819297f121","FORMHUB-JSON","1160433","32ea2ee0-e837-11ec-9416-9440c9ab47f0"
"5734cf98-6b41-4f3c-832a-f00a9be1247c","FORMHUB-JSON","1160812","e4d5069b-eb5b-11ec-9416-9440c9ab47f0"
"4cbdd907-78dc-4d87-bad1-b126ee2e15ab","FORMHUB-JSON","1160861","33073735-e837-11ec-9416-9440c9ab47f0"
"15b0bc2b-ddb0-422b-b31d-ac04140d9d51","FORMHUB-JSON","1161006","5c4b9e23-e900-11ec-9416-9440c9ab47f0"
"a3268ce5-90c4-4c58-87f9-9d122dc8abc1","FORMHUB-JSON","1161605","8716a80b-e9c9-11ec-9416-9440c9ab47f0"
"c0adf2b6-961e-43db-a8b7-c58c3d31cc31","FORMHUB-JSON","1161609","874a8ba0-e9c9-11ec-9416-9440c9ab47f0"
"03b8b123-495f-4419-8f75-850def9c58ab","FORMHUB-JSON","1161672","85979127-e9c9-11ec-9416-9440c9ab47f0"
"85d27233-ad9b-4908-9646-e03dfe4225fa","FORMHUB-JSON","1161676","86ce6ac3-e9c9-11ec-9416-9440c9ab47f0"
"9558aff6-78d7-4d53-bf48-713b95b9aa5c","FORMHUB-JSON","1161680","86ebcb97-e9c9-11ec-9416-9440c9ab47f0"
"954120fe-daa6-48ca-bf0b-46b3ada5ccf4","FORMHUB-JSON","1162035","b3f7f353-ea92-11ec-9416-9440c9ab47f0"
"90ecea8f-aca8-4f3d-84c8-6783d052e7e1","FORMHUB-JSON","1162087","b3e914a4-ea92-11ec-9416-9440c9ab47f0"
"4c20f751-9021-4c56-9414-c36aa2f4f058","FORMHUB-JSON","1162089","b349490f-ea92-11ec-9416-9440c9ab47f0"
"1fc2fccf-4cdb-4188-b6b5-86d25517b655","FORMHUB-JSON","1162517","e48d7c55-eb5b-11ec-9416-9440c9ab47f0"
"8b1ab4b5-b06f-4952-9166-6b7d64accfa5","FORMHUB-JSON","1162518","e5429e05-eb5b-11ec-9416-9440c9ab47f0"
"6d8abe85-4666-4d15-9512-e828cba685cd","FORMHUB-JSON","1162519","e4fbfcf6-eb5b-11ec-9416-9440c9ab47f0"
"a1fad3be-7aff-4d87-bbed-bd4c26eb8a66","FORMHUB-JSON","1162520","0df5793b-ec25-11ec-9416-9440c9ab47f0"
"aa5d3401-9ed3-4fa9-a38a-7ce63f7976f2","FORMHUB-JSON","1162522","e5907a74-eb5b-11ec-9416-9440c9ab47f0"
"3b99abe7-be6c-42bd-8db8-07f23bdaeb85","FORMHUB-JSON","1162523","e4abb989-eb5b-11ec-9416-9440c9ab47f0"
"a4e65766-c18d-4de5-a3e7-186f5bd94429","FORMHUB-JSON","1162636","e581f467-eb5b-11ec-9416-9440c9ab47f0"
"e692ef49-0959-4daf-aa24-8315bc9a6baf","FORMHUB-JSON","1162778","5e2ea8e0-ebad-11ec-9416-9440c9ab47f0"
"1614b57a-6e32-4544-b4f7-5e85bdd90a96","FORMHUB-JSON","1162958","0c9a0985-ec25-11ec-9416-9440c9ab47f0"
"395c9529-6030-490d-b7d7-5e256102cf9e","FORMHUB-JSON","1167759","381b7b0d-f1a5-11ec-80af-9440c9ab47f0"
"1752d788-c726-4909-ab97-26b822e1cd9e","FORMHUB-JSON","1178755","883031d5-0613-11ed-93e8-9440c9aa2200"
"03dc0d9d-7d21-4721-84c5-2b5de4e4b1f8","FORMHUB-JSON","1178757","880111eb-0613-11ed-93e8-9440c9aa2200"
"40e2f131-cc55-4a06-8073-1e5269a352df","FORMHUB-JSON","1181159","35c8fcb3-0938-11ed-93e8-9440c9aa2200"
"b885cac9-ecb3-4af8-81c3-9bb947a6b1c5","FORMHUB-JSON","1182546","597d8910-0a01-11ed-93e8-9440c9aa2200"
"ca1e371b-7e3f-45f7-8a9f-b98f8b1c3d92","FORMHUB-JSON","1183197","827d8eec-0aca-11ed-93e8-9440c9aa2200"
"5e5bf9a0-d144-448b-81a3-5f63dd41beae","FORMHUB-JSON","1183240","acb1faa3-0b93-11ed-93e8-9440c9aa2200"
"10c04488-ec2a-47a8-87f4-6219e24788cd","FORMHUB-JSON","1183291","ac45c5ef-0b93-11ed-93e8-9440c9aa2200"
"43b3d87a-547d-4535-ba6e-e0b4bc81c435","FORMHUB-JSON","1185910","8300b09d-0f81-11ed-93e8-9440c9aa2200"
"99bc9b8a-22c5-4552-999b-a24299f745dd","FORMHUB-JSON","1215645","99754df3-4427-11ed-924d-040300000000"
"cae43d14-ede1-4c04-9536-61de6b6e52d9","FORMHUB-JSON","1215932","d9c2e83e-44f0-11ed-924d-040300000000"
"0956ff99-04d3-460e-a17b-05d7a568d3a5","FORMHUB-JSON","1217206","98120b99-48de-11ed-924d-040300000000"
"2c104d02-3d07-4a7f-b39b-036b783aee7a","FORMHUB-JSON","1217295","985b5d1c-48de-11ed-924d-040300000000"
"7fade92c-9eab-4e73-9499-3dee2c2e736a","FORMHUB-JSON","1217929","c0a95ec7-49a7-11ed-924d-040300000000"
"29b136d6-d14c-434c-a23c-9dbb0ba4f7d5","FORMHUB-JSON","1218356","3e86069e-4a71-11ed-924d-040300000000"
"18eb571b-fb1f-4a7b-965a-eb340355384d","FORMHUB-JSON","1218411","3e66b311-4a71-11ed-924d-040300000000"
"434f2725-7f0c-43fd-bea3-116d494d733a","FORMHUB-JSON","1219151","2802d718-4b3a-11ed-924d-040300000000"
"815129af-3451-4b13-b942-9e463e940c47","FORMHUB-JSON","1219370","5f1a9323-4c03-11ed-924d-040300000000"
"897d110b-9918-44fc-90ee-4bb7add1fbe1","FORMHUB-JSON","1219429","5f25947d-4c03-11ed-924d-040300000000"
"68cf1464-e243-4955-8029-12171afb830f","FORMHUB-JSON","1219616","5cf6960d-4c03-11ed-924d-040300000000"
"a3a2d7bc-5aac-46f2-8bf1-eab0088ff88e","FORMHUB-JSON","1219935","6c844cd7-4ccc-11ed-924d-040300000000"
"d3c05af9-fc06-4ba6-99c5-af5094118756","FORMHUB-JSON","1220127","6cf4c95d-4ccc-11ed-924d-040300000000"
"7494209c-46ee-457c-b9e9-8a8849033680","FORMHUB-JSON","1221026","038004e8-4e5f-11ed-924d-040300000000"
"79ac9e7c-509c-452f-ab94-2132935e7ed6","FORMHUB-JSON","1221892","f0d17b63-4f27-11ed-924d-040300000000"
"e825a66f-c5e1-4b0f-834c-0c62d28592f8","FORMHUB-JSON","1222395","1a277e8b-4ff1-11ed-924d-040300000000"
"f0f414b3-0f13-4840-9062-2275bf9b32cf","FORMHUB-JSON","1222680","1a3cac3a-4ff1-11ed-924d-040300000000"
"c777c30a-327d-4b9e-ab75-bfd726e63617","FORMHUB-JSON","1222829","19eadbe8-4ff1-11ed-924d-040300000000"
"4a4ae0f5-aea3-4e90-aa94-46537740d700","FORMHUB-JSON","1222859","18bcfca9-4ff1-11ed-924d-040300000000"
"73f0b8f5-7791-42b5-8ef3-32d12e89b24b","FORMHUB-JSON","1223292","4508d15f-50ba-11ed-924d-040300000000"
"238106bb-ff04-44ab-8371-f83cab8812b3","FORMHUB-JSON","1223918","6eeda845-5183-11ed-924d-040300000000"
"115c656a-34c6-49be-b66b-9c8a46ea5b1d","FORMHUB-JSON","1224138","6eca6c6b-5183-11ed-924d-040300000000"
"83b40ae6-4f58-400a-a1e1-35a2357a347e","FORMHUB-JSON","1224969","950b6100-524c-11ed-924d-040300000000"
"fc5ee031-5b66-4b97-bd21-d9216ef5ec27","FORMHUB-JSON","1226964","ebd46a01-53de-11ed-924d-040300000000"
"96bc90d0-dfbb-4355-af7e-728fd2cfad0f","FORMHUB-JSON","1227830","4537295f-5571-11ed-924d-040300000000"
"ac51d6f1-61a1-48a0-aaf5-a91644456a89","FORMHUB-JSON","1227863","457bc403-5571-11ed-924d-040300000000"
"d7af21a2-bc4d-4e5a-a53e-a7d77c7ec3bd","FORMHUB-JSON","1228195","45ba9b27-5571-11ed-924d-040300000000"
"e00c91bf-4677-49d1-8f8d-0075584c0c32","FORMHUB-JSON","1228814","a0db98c1-5703-11ed-924d-040300000000"
